arrival_time,dis,vehicle_id
2019/1/1 8:35,0,836355470926_1
2019/1/1 8:37,1.32358,836355470926_1
2019/1/1 8:41,2.23103,836355470926_1
2019/1/1 8:45,2.83657,836355470926_1
2019/1/1 8:48,3.50861,836355470926_1
2019/1/1 8:49,4.18638,836355470926_1
2019/1/1 8:53,4.91402,836355470926_1
2019/1/1 8:55,5.72472,836355470926_1
2019/1/1 8:57,6.64341,836355470926_1
2019/1/1 8:59,7.05932,836355470926_1
2019/1/1 9:01,7.92201,836355470926_1
2019/1/1 9:04,9.30669,836355470926_1
2019/1/1 9:09,10.32271,836355470926_1
2019/1/1 9:13,11.79302,836355470926_1
2019/1/1 9:15,12.20109,836355470926_1
2019/1/1 9:18,12.95712,836355470926_1
2019/1/1 9:20,13.65437,836355470926_1
2019/1/1 9:22,14.32924,836355470926_1
2019/1/1 9:25,15.07501,836355470926_1
2019/1/1 9:30,16.71311,836355470926_1
2019/1/1 9:35,18.3731,836355470926_1
2019/1/1 9:41,19.80024,836355470926_1
2019/1/1 9:45,21.12827,836355470926_1
2019/1/1 11:50,0,836355470926_3
2019/1/1 11:54,1.32358,836355470926_3
2019/1/1 11:58,2.23103,836355470926_3
2019/1/1 12:00,2.83657,836355470926_3
2019/1/1 12:03,3.50861,836355470926_3
2019/1/1 12:05,4.18638,836355470926_3
2019/1/1 12:09,4.91402,836355470926_3
2019/1/1 12:12,5.72472,836355470926_3
2019/1/1 12:18,6.64341,836355470926_3
2019/1/1 12:19,7.05932,836355470926_3
2019/1/1 12:23,7.92201,836355470926_3
2019/1/1 12:27,9.30669,836355470926_3
2019/1/1 12:30,10.32271,836355470926_3
2019/1/1 12:35,11.79302,836355470926_3
2019/1/1 12:37,12.20109,836355470926_3
2019/1/1 12:39,12.95712,836355470926_3
2019/1/1 12:41,13.65437,836355470926_3
2019/1/1 12:44,14.32924,836355470926_3
2019/1/1 12:46,15.07501,836355470926_3
2019/1/1 12:52,16.71311,836355470926_3
2019/1/1 12:57,18.3731,836355470926_3
2019/1/1 13:02,19.80024,836355470926_3
2019/1/1 13:06,21.12827,836355470926_3
2019/1/1 16:12,0,836355470926_5
2019/1/1 16:16,1.32358,836355470926_5
2019/1/1 16:18,2.23103,836355470926_5
2019/1/1 16:21,2.83657,836355470926_5
2019/1/1 16:24,3.50861,836355470926_5
2019/1/1 16:25,4.18638,836355470926_5
2019/1/1 16:29,4.91402,836355470926_5
2019/1/1 16:33,5.72472,836355470926_5
2019/1/1 16:36,6.64341,836355470926_5
2019/1/1 16:37,7.05932,836355470926_5
2019/1/1 16:40,7.92201,836355470926_5
2019/1/1 16:43,9.30669,836355470926_5
2019/1/1 16:47,10.32271,836355470926_5
2019/1/1 16:52,11.79302,836355470926_5
2019/1/1 16:53,12.20109,836355470926_5
2019/1/1 16:55,12.95712,836355470926_5
2019/1/1 17:09,13.65437,836355470926_5
2019/1/1 17:21,14.32924,836355470926_5
2019/1/1 17:26,15.07501,836355470926_5
2019/1/1 17:37,16.71311,836355470926_5
2019/1/1 17:47,18.3731,836355470926_5
2019/1/1 17:55,19.80024,836355470926_5
2019/1/1 17:59,21.12827,836355470926_5
2019/1/1 19:55,0,836355470926_7
2019/1/1 19:59,1.32358,836355470926_7
2019/1/1 20:02,2.23103,836355470926_7
2019/1/1 20:04,2.83657,836355470926_7
2019/1/1 20:06,3.50861,836355470926_7
2019/1/1 20:07,4.18638,836355470926_7
2019/1/1 20:09,4.91402,836355470926_7
2019/1/1 20:12,5.72472,836355470926_7
2019/1/1 20:15,6.64341,836355470926_7
2019/1/1 20:16,7.05932,836355470926_7
2019/1/1 20:19,7.92201,836355470926_7
2019/1/1 20:22,9.30669,836355470926_7
2019/1/1 20:25,10.32271,836355470926_7
2019/1/1 20:30,11.79302,836355470926_7
2019/1/1 20:31,12.20109,836355470926_7
2019/1/1 20:33,12.95712,836355470926_7
2019/1/1 20:35,13.65437,836355470926_7
2019/1/1 20:39,14.32924,836355470926_7
2019/1/1 20:40,15.07501,836355470926_7
2019/1/1 20:47,16.71311,836355470926_7
2019/1/1 20:54,18.3731,836355470926_7
2019/1/1 20:59,19.80024,836355470926_7
2019/1/1 21:03,21.12827,836355470926_7
,,
,,
,,
,,
,,
,,
,,
,,
,,
,,
,,
,,
,,
,,
,,
,,
,,
,,
,,
,,
,,
2019/1/1 0:00,19.80024,360035357156_0
2019/1/1 0:02,21.12827,360035357156_0
2019/1/1 7:30,0,360035357156_2
2019/1/1 7:33,1.32358,360035357156_2
2019/1/1 7:35,2.23103,360035357156_2
2019/1/1 7:39,2.83657,360035357156_2
2019/1/1 7:40,3.50861,360035357156_2
2019/1/1 7:43,4.18638,360035357156_2
2019/1/1 7:46,4.91402,360035357156_2
2019/1/1 7:49,5.72472,360035357156_2
2019/1/1 7:54,6.64341,360035357156_2
2019/1/1 7:55,7.05932,360035357156_2
2019/1/1 7:57,7.92201,360035357156_2
2019/1/1 8:00,9.30669,360035357156_2
2019/1/1 8:05,10.32271,360035357156_2
2019/1/1 8:09,11.79302,360035357156_2
2019/1/1 8:10,12.20109,360035357156_2
2019/1/1 8:12,12.95712,360035357156_2
2019/1/1 8:14,13.65437,360035357156_2
2019/1/1 8:17,14.32924,360035357156_2
2019/1/1 8:19,15.07501,360035357156_2
2019/1/1 8:23,16.71311,360035357156_2
2019/1/1 8:27,18.3731,360035357156_2
2019/1/1 8:31,19.80024,360035357156_2
2019/1/1 8:35,21.12827,360035357156_2
2019/1/1 10:27,0,360035357156_4
2019/1/1 10:29,1.32358,360035357156_4
2019/1/1 10:33,2.23103,360035357156_4
2019/1/1 10:37,2.83657,360035357156_4
2019/1/1 10:39,3.50861,360035357156_4
2019/1/1 10:43,4.18638,360035357156_4
2019/1/1 10:46,4.91402,360035357156_4
2019/1/1 10:48,5.72472,360035357156_4
2019/1/1 10:53,6.64341,360035357156_4
2019/1/1 10:54,7.05932,360035357156_4
2019/1/1 10:58,7.92201,360035357156_4
2019/1/1 11:01,9.30669,360035357156_4
2019/1/1 11:04,10.32271,360035357156_4
2019/1/1 11:08,11.79302,360035357156_4
2019/1/1 11:09,12.20109,360035357156_4
2019/1/1 11:11,12.95712,360035357156_4
2019/1/1 11:12,13.65437,360035357156_4
2019/1/1 11:15,14.32924,360035357156_4
2019/1/1 11:17,15.07501,360035357156_4
2019/1/1 11:22,16.71311,360035357156_4
2019/1/1 11:28,18.3731,360035357156_4
2019/1/1 11:32,19.80024,360035357156_4
2019/1/1 11:36,21.12827,360035357156_4
2019/1/1 14:05,0,360035357156_6
2019/1/1 14:08,1.32358,360035357156_6
2019/1/1 14:10,2.23103,360035357156_6
2019/1/1 14:16,2.83657,360035357156_6
2019/1/1 14:18,3.50861,360035357156_6
2019/1/1 14:20,4.18638,360035357156_6
2019/1/1 14:22,4.91402,360035357156_6
2019/1/1 14:24,5.72472,360035357156_6
2019/1/1 14:27,6.64341,360035357156_6
2019/1/1 14:29,7.05932,360035357156_6
2019/1/1 14:31,7.92201,360035357156_6
2019/1/1 14:34,9.30669,360035357156_6
2019/1/1 14:39,10.32271,360035357156_6
2019/1/1 14:42,11.79302,360035357156_6
2019/1/1 14:44,12.20109,360035357156_6
2019/1/1 14:46,12.95712,360035357156_6
2019/1/1 15:01,13.65437,360035357156_6
2019/1/1 15:13,14.32924,360035357156_6
2019/1/1 15:17,15.07501,360035357156_6
2019/1/1 15:21,16.71311,360035357156_6
2019/1/1 15:26,18.3731,360035357156_6
2019/1/1 15:29,19.80024,360035357156_6
2019/1/1 15:33,21.12827,360035357156_6
2019/1/1 18:21,0,360035357156_8
2019/1/1 18:24,1.32358,360035357156_8
2019/1/1 18:28,2.23103,360035357156_8
2019/1/1 18:32,2.83657,360035357156_8
2019/1/1 18:33,3.50861,360035357156_8
2019/1/1 18:35,4.18638,360035357156_8
2019/1/1 18:38,4.91402,360035357156_8
2019/1/1 18:41,5.72472,360035357156_8
2019/1/1 18:45,6.64341,360035357156_8
2019/1/1 18:46,7.05932,360035357156_8
2019/1/1 18:48,7.92201,360035357156_8
2019/1/1 18:51,9.30669,360035357156_8
2019/1/1 18:53,10.32271,360035357156_8
2019/1/1 18:58,11.79302,360035357156_8
2019/1/1 18:59,12.20109,360035357156_8
2019/1/1 19:01,12.95712,360035357156_8
2019/1/1 19:03,13.65437,360035357156_8
2019/1/1 19:06,14.32924,360035357156_8
2019/1/1 19:08,15.07501,360035357156_8
2019/1/1 19:18,16.71311,360035357156_8
2019/1/1 19:22,18.3731,360035357156_8
2019/1/1 19:26,19.80024,360035357156_8
2019/1/1 19:30,21.12827,360035357156_8
2019/1/1 21:14,0,360035357156_10
2019/1/1 21:16,1.32358,360035357156_10
2019/1/1 21:18,2.23103,360035357156_10
2019/1/1 21:22,2.83657,360035357156_10
2019/1/1 21:24,3.50861,360035357156_10
2019/1/1 21:25,4.18638,360035357156_10
2019/1/1 21:26,4.91402,360035357156_10
2019/1/1 21:30,5.72472,360035357156_10
2019/1/1 21:32,6.64341,360035357156_10
2019/1/1 21:33,7.05932,360035357156_10
2019/1/1 21:36,7.92201,360035357156_10
,,
,,
,,
,,
,,
,,
,,
,,
,,
,,
,,
,,
2019/1/1 8:50,0,953896960265_1
2019/1/1 8:53,1.32358,953896960265_1
2019/1/1 8:57,2.23103,953896960265_1
2019/1/1 9:02,2.83657,953896960265_1
2019/1/1 9:04,3.50861,953896960265_1
2019/1/1 9:08,4.18638,953896960265_1
2019/1/1 9:09,4.91402,953896960265_1
2019/1/1 9:13,5.72472,953896960265_1
2019/1/1 9:18,6.64341,953896960265_1
2019/1/1 9:19,7.05932,953896960265_1
2019/1/1 9:23,7.92201,953896960265_1
2019/1/1 9:27,9.30669,953896960265_1
2019/1/1 9:31,10.32271,953896960265_1
2019/1/1 9:36,11.79302,953896960265_1
2019/1/1 9:37,12.20109,953896960265_1
2019/1/1 9:39,12.95712,953896960265_1
2019/1/1 9:41,13.65437,953896960265_1
2019/1/1 9:43,14.32924,953896960265_1
2019/1/1 9:46,15.07501,953896960265_1
2019/1/1 9:51,16.71311,953896960265_1
2019/1/1 9:56,18.3731,953896960265_1
2019/1/1 10:00,19.80024,953896960265_1
2019/1/1 10:04,21.12827,953896960265_1
2019/1/1 12:26,0,953896960265_3
2019/1/1 12:28,1.32358,953896960265_3
2019/1/1 12:31,2.23103,953896960265_3
2019/1/1 12:33,2.83657,953896960265_3
2019/1/1 12:35,3.50861,953896960265_3
2019/1/1 12:37,4.18638,953896960265_3
2019/1/1 12:39,4.91402,953896960265_3
2019/1/1 12:40,5.72472,953896960265_3
2019/1/1 12:45,6.64341,953896960265_3
2019/1/1 12:46,7.05932,953896960265_3
2019/1/1 12:49,7.92201,953896960265_3
2019/1/1 12:52,9.30669,953896960265_3
2019/1/1 12:55,10.32271,953896960265_3
2019/1/1 12:59,11.79302,953896960265_3
2019/1/1 13:00,12.20109,953896960265_3
2019/1/1 13:02,12.95712,953896960265_3
2019/1/1 13:04,13.65437,953896960265_3
2019/1/1 13:07,14.32924,953896960265_3
2019/1/1 13:08,15.07501,953896960265_3
2019/1/1 13:13,16.71311,953896960265_3
2019/1/1 13:17,18.3731,953896960265_3
2019/1/1 13:22,19.80024,953896960265_3
2019/1/1 13:26,21.12827,953896960265_3
2019/1/1 16:49,0,953896960265_5
2019/1/1 16:52,1.32358,953896960265_5
2019/1/1 16:54,2.23103,953896960265_5
2019/1/1 16:57,2.83657,953896960265_5
2019/1/1 16:59,3.50861,953896960265_5
2019/1/1 17:01,4.18638,953896960265_5
2019/1/1 17:04,4.91402,953896960265_5
2019/1/1 17:07,5.72472,953896960265_5
2019/1/1 17:11,6.64341,953896960265_5
2019/1/1 17:12,7.05932,953896960265_5
2019/1/1 17:14,7.92201,953896960265_5
2019/1/1 17:17,9.30669,953896960265_5
2019/1/1 17:21,10.32271,953896960265_5
2019/1/1 17:27,11.79302,953896960265_5
2019/1/1 17:28,12.20109,953896960265_5
2019/1/1 17:29,12.95712,953896960265_5
2019/1/1 17:39,13.65437,953896960265_5
2019/1/1 17:42,14.32924,953896960265_5
2019/1/1 17:46,15.07501,953896960265_5
2019/1/1 17:53,16.71311,953896960265_5
2019/1/1 18:01,18.3731,953896960265_5
2019/1/1 18:13,19.80024,953896960265_5
2019/1/1 18:17,21.12827,953896960265_5
2019/1/1 20:20,0,953896960265_7
2019/1/1 20:23,1.32358,953896960265_7
2019/1/1 20:25,2.23103,953896960265_7
2019/1/1 20:30,2.83657,953896960265_7
2019/1/1 20:31,3.50861,953896960265_7
2019/1/1 20:33,4.18638,953896960265_7
2019/1/1 20:36,4.91402,953896960265_7
2019/1/1 20:37,5.72472,953896960265_7
2019/1/1 20:42,6.64341,953896960265_7
2019/1/1 20:42,7.05932,953896960265_7
2019/1/1 20:46,7.92201,953896960265_7
2019/1/1 20:49,9.30669,953896960265_7
2019/1/1 20:52,10.32271,953896960265_7
2019/1/1 20:56,11.79302,953896960265_7
2019/1/1 20:57,12.20109,953896960265_7
2019/1/1 20:59,12.95712,953896960265_7
2019/1/1 21:02,13.65437,953896960265_7
2019/1/1 21:04,14.32924,953896960265_7
2019/1/1 21:06,15.07501,953896960265_7
2019/1/1 21:11,16.71311,953896960265_7
2019/1/1 21:16,18.3731,953896960265_7
2019/1/1 21:20,19.80024,953896960265_7
2019/1/1 21:24,21.12827,953896960265_7
2019/1/1 20:22,0,154688293503_1
2019/1/1 20:24,1.32358,154688293503_1
2019/1/1 20:27,2.23103,154688293503_1
2019/1/1 20:30,2.83657,154688293503_1
2019/1/1 20:32,3.50861,154688293503_1
2019/1/1 20:35,4.18638,154688293503_1
2019/1/1 20:36,4.91402,154688293503_1
2019/1/1 20:39,5.72472,154688293503_1
2019/1/1 20:42,6.64341,154688293503_1
2019/1/1 20:43,7.05932,154688293503_1
2019/1/1 20:46,7.92201,154688293503_1
2019/1/1 20:49,9.30669,154688293503_1
2019/1/1 20:53,10.32271,154688293503_1
2019/1/1 20:55,11.79302,154688293503_1
2019/1/1 20:56,12.20109,154688293503_1
2019/1/1 20:58,12.95712,154688293503_1
2019/1/1 21:00,13.65437,154688293503_1
2019/1/1 21:02,14.32924,154688293503_1
2019/1/1 21:03,15.07501,154688293503_1
2019/1/1 21:09,16.71311,154688293503_1
2019/1/1 21:14,18.3731,154688293503_1
2019/1/1 21:18,19.80024,154688293503_1
2019/1/1 21:22,21.12827,154688293503_1
2019/1/1 9:32,0,360000948256_1
2019/1/1 9:35,1.32358,360000948256_1
2019/1/1 9:37,2.23103,360000948256_1
2019/1/1 9:40,2.83657,360000948256_1
2019/1/1 9:42,3.50861,360000948256_1
2019/1/1 9:45,4.18638,360000948256_1
2019/1/1 9:48,4.91402,360000948256_1
2019/1/1 9:50,5.72472,360000948256_1
2019/1/1 9:55,6.64341,360000948256_1
2019/1/1 9:56,7.05932,360000948256_1
2019/1/1 10:00,7.92201,360000948256_1
2019/1/1 10:03,9.30669,360000948256_1
2019/1/1 10:07,10.32271,360000948256_1
2019/1/1 10:12,11.79302,360000948256_1
2019/1/1 10:13,12.20109,360000948256_1
2019/1/1 10:15,12.95712,360000948256_1
2019/1/1 10:16,13.65437,360000948256_1
2019/1/1 10:19,14.32924,360000948256_1
2019/1/1 10:20,15.07501,360000948256_1
2019/1/1 10:25,16.71311,360000948256_1
2019/1/1 10:30,18.3731,360000948256_1
2019/1/1 10:35,19.80024,360000948256_1
2019/1/1 10:39,21.12827,360000948256_1
2019/1/1 13:40,0,360000948256_3
2019/1/1 13:43,1.32358,360000948256_3
2019/1/1 13:47,2.23103,360000948256_3
2019/1/1 13:53,2.83657,360000948256_3
2019/1/1 13:55,3.50861,360000948256_3
2019/1/1 13:57,4.18638,360000948256_3
2019/1/1 14:01,4.91402,360000948256_3
2019/1/1 14:04,5.72472,360000948256_3
2019/1/1 14:07,6.64341,360000948256_3
2019/1/1 14:09,7.05932,360000948256_3
2019/1/1 14:11,7.92201,360000948256_3
2019/1/1 14:15,9.30669,360000948256_3
2019/1/1 14:19,10.32271,360000948256_3
2019/1/1 14:25,11.79302,360000948256_3
2019/1/1 14:27,12.20109,360000948256_3
2019/1/1 14:29,12.95712,360000948256_3
2019/1/1 14:35,13.65437,360000948256_3
2019/1/1 14:45,14.32924,360000948256_3
2019/1/1 14:47,15.07501,360000948256_3
2019/1/1 14:53,16.71311,360000948256_3
2019/1/1 14:58,18.3731,360000948256_3
2019/1/1 15:05,19.80024,360000948256_3
2019/1/1 15:09,21.12827,360000948256_3
2019/1/1 17:53,0,360000948256_5
2019/1/1 17:57,1.32358,360000948256_5
2019/1/1 18:02,2.23103,360000948256_5
2019/1/1 18:03,2.83657,360000948256_5
2019/1/1 18:05,3.50861,360000948256_5
2019/1/1 18:07,4.18638,360000948256_5
2019/1/1 18:10,4.91402,360000948256_5
2019/1/1 18:12,5.72472,360000948256_5
2019/1/1 18:17,6.64341,360000948256_5
2019/1/1 18:18,7.05932,360000948256_5
2019/1/1 18:21,7.92201,360000948256_5
2019/1/1 18:23,9.30669,360000948256_5
2019/1/1 18:26,10.32271,360000948256_5
2019/1/1 18:30,11.79302,360000948256_5
2019/1/1 18:32,12.20109,360000948256_5
2019/1/1 18:34,12.95712,360000948256_5
2019/1/1 18:39,13.65437,360000948256_5
2019/1/1 18:41,14.32924,360000948256_5
2019/1/1 18:43,15.07501,360000948256_5
2019/1/1 18:50,16.71311,360000948256_5
2019/1/1 18:57,18.3731,360000948256_5
2019/1/1 18:59,19.80024,360000948256_5
2019/1/1 19:03,21.12827,360000948256_5
2019/1/1 20:43,0,360000948256_7
2019/1/1 20:45,1.32358,360000948256_7
2019/1/1 20:48,2.23103,360000948256_7
2019/1/1 20:51,2.83657,360000948256_7
2019/1/1 20:53,3.50861,360000948256_7
2019/1/1 20:55,4.18638,360000948256_7
2019/1/1 20:58,4.91402,360000948256_7
2019/1/1 21:02,5.72472,360000948256_7
2019/1/1 21:07,6.64341,360000948256_7
2019/1/1 21:08,7.05932,360000948256_7
2019/1/1 21:11,7.92201,360000948256_7
,,
,,
,,
,,
,,
,,
,,
,,
,,
,,
,,
,,
2019/1/1 22:24,0,360000948256_9
2019/1/1 22:27,1.32358,360000948256_9
2019/1/1 22:30,2.23103,360000948256_9
2019/1/1 22:33,2.83657,360000948256_9
2019/1/1 22:35,3.50861,360000948256_9
2019/1/1 22:37,4.18638,360000948256_9
2019/1/1 22:39,4.91402,360000948256_9
2019/1/1 22:41,5.72472,360000948256_9
2019/1/1 22:46,6.64341,360000948256_9
2019/1/1 22:47,7.05932,360000948256_9
2019/1/1 22:50,7.92201,360000948256_9
2019/1/1 22:52,9.30669,360000948256_9
2019/1/1 22:55,10.32271,360000948256_9
2019/1/1 22:59,11.79302,360000948256_9
2019/1/1 23:00,12.20109,360000948256_9
2019/1/1 23:02,12.95712,360000948256_9
2019/1/1 23:04,13.65437,360000948256_9
2019/1/1 23:06,14.32924,360000948256_9
2019/1/1 23:08,15.07501,360000948256_9
2019/1/1 23:13,16.71311,360000948256_9
2019/1/1 23:18,18.3731,360000948256_9
2019/1/1 23:23,19.80024,360000948256_9
2019/1/1 23:27,21.12827,360000948256_9
2019/1/1 6:56,0,198888293503_0
2019/1/1 7:00,1.32358,198888293503_0
2019/1/1 7:05,2.23103,198888293503_0
2019/1/1 7:09,2.83657,198888293503_0
2019/1/1 7:11,3.50861,198888293503_0
2019/1/1 7:13,4.18638,198888293503_0
2019/1/1 7:16,4.91402,198888293503_0
2019/1/1 7:20,5.72472,198888293503_0
2019/1/1 7:22,6.64341,198888293503_0
2019/1/1 7:24,7.05932,198888293503_0
2019/1/1 7:26,7.92201,198888293503_0
2019/1/1 7:28,9.30669,198888293503_0
2019/1/1 7:33,10.32271,198888293503_0
2019/1/1 7:37,11.79302,198888293503_0
2019/1/1 7:37,12.20109,198888293503_0
2019/1/1 7:39,12.95712,198888293503_0
2019/1/1 7:40,13.65437,198888293503_0
2019/1/1 7:42,14.32924,198888293503_0
2019/1/1 7:43,15.07501,198888293503_0
2019/1/1 7:46,16.71311,198888293503_0
2019/1/1 7:49,18.3731,198888293503_0
2019/1/1 7:53,19.80024,198888293503_0
2019/1/1 7:57,21.12827,198888293503_0
2019/1/1 10:00,0,198888293503_2
2019/1/1 10:04,1.32358,198888293503_2
2019/1/1 10:06,2.23103,198888293503_2
2019/1/1 10:10,2.83657,198888293503_2
2019/1/1 10:13,3.50861,198888293503_2
2019/1/1 10:15,4.18638,198888293503_2
2019/1/1 10:19,4.91402,198888293503_2
2019/1/1 10:22,5.72472,198888293503_2
2019/1/1 10:27,6.64341,198888293503_2
2019/1/1 10:28,7.05932,198888293503_2
2019/1/1 10:31,7.92201,198888293503_2
2019/1/1 10:33,9.30669,198888293503_2
2019/1/1 10:38,10.32271,198888293503_2
2019/1/1 10:43,11.79302,198888293503_2
2019/1/1 10:44,12.20109,198888293503_2
2019/1/1 10:46,12.95712,198888293503_2
2019/1/1 10:48,13.65437,198888293503_2
2019/1/1 10:54,14.32924,198888293503_2
2019/1/1 10:56,15.07501,198888293503_2
2019/1/1 11:03,16.71311,198888293503_2
2019/1/1 11:09,18.3731,198888293503_2
2019/1/1 11:12,19.80024,198888293503_2
2019/1/1 11:16,21.12827,198888293503_2
2019/1/1 14:11,0,198888293503_4
2019/1/1 14:14,1.32358,198888293503_4
2019/1/1 14:18,2.23103,198888293503_4
2019/1/1 14:21,2.83657,198888293503_4
2019/1/1 14:23,3.50861,198888293503_4
2019/1/1 14:25,4.18638,198888293503_4
2019/1/1 14:27,4.91402,198888293503_4
2019/1/1 14:29,5.72472,198888293503_4
2019/1/1 14:32,6.64341,198888293503_4
2019/1/1 14:33,7.05932,198888293503_4
2019/1/1 14:35,7.92201,198888293503_4
2019/1/1 14:37,9.30669,198888293503_4
2019/1/1 14:42,10.32271,198888293503_4
2019/1/1 14:45,11.79302,198888293503_4
2019/1/1 14:47,12.20109,198888293503_4
2019/1/1 14:48,12.95712,198888293503_4
2019/1/1 14:59,13.65437,198888293503_4
2019/1/1 15:13,14.32924,198888293503_4
2019/1/1 15:16,15.07501,198888293503_4
2019/1/1 15:22,16.71311,198888293503_4
2019/1/1 15:25,18.3731,198888293503_4
2019/1/1 15:30,19.80024,198888293503_4
2019/1/1 15:33,21.12827,198888293503_4
2019/1/1 18:11,0,198888293503_6
2019/1/1 18:14,1.32358,198888293503_6
2019/1/1 18:17,2.23103,198888293503_6
2019/1/1 18:19,2.83657,198888293503_6
2019/1/1 18:21,3.50861,198888293503_6
2019/1/1 18:23,4.18638,198888293503_6
2019/1/1 18:26,4.91402,198888293503_6
2019/1/1 18:28,5.72472,198888293503_6
2019/1/1 18:31,6.64341,198888293503_6
2019/1/1 18:32,7.05932,198888293503_6
2019/1/1 18:34,7.92201,198888293503_6
2019/1/1 18:38,9.30669,198888293503_6
2019/1/1 18:42,10.32271,198888293503_6
2019/1/1 18:48,11.79302,198888293503_6
2019/1/1 18:49,12.20109,198888293503_6
2019/1/1 18:50,12.95712,198888293503_6
2019/1/1 18:53,13.65437,198888293503_6
2019/1/1 18:55,14.32924,198888293503_6
2019/1/1 18:57,15.07501,198888293503_6
2019/1/1 19:03,16.71311,198888293503_6
2019/1/1 19:09,18.3731,198888293503_6
2019/1/1 19:14,19.80024,198888293503_6
2019/1/1 19:18,21.12827,198888293503_6
2019/1/1 5:55,0,162910104601_1
2019/1/1 5:58,1.32358,162910104601_1
2019/1/1 6:01,2.23103,162910104601_1
2019/1/1 6:02,2.83657,162910104601_1
2019/1/1 6:04,3.50861,162910104601_1
2019/1/1 6:05,4.18638,162910104601_1
2019/1/1 6:07,4.91402,162910104601_1
2019/1/1 6:08,5.72472,162910104601_1
2019/1/1 6:12,6.64341,162910104601_1
2019/1/1 6:13,7.05932,162910104601_1
2019/1/1 6:16,7.92201,162910104601_1
2019/1/1 6:20,9.30669,162910104601_1
2019/1/1 6:22,10.32271,162910104601_1
2019/1/1 6:26,11.79302,162910104601_1
2019/1/1 6:27,12.20109,162910104601_1
2019/1/1 6:28,12.95712,162910104601_1
2019/1/1 6:31,13.65437,162910104601_1
2019/1/1 6:33,14.32924,162910104601_1
2019/1/1 6:34,15.07501,162910104601_1
2019/1/1 6:40,16.71311,162910104601_1
2019/1/1 6:45,18.3731,162910104601_1
2019/1/1 6:48,19.80024,162910104601_1
2019/1/1 6:52,21.12827,162910104601_1
2019/1/1 9:13,0,162910104601_3
2019/1/1 9:16,1.32358,162910104601_3
2019/1/1 9:19,2.23103,162910104601_3
2019/1/1 9:24,2.83657,162910104601_3
2019/1/1 9:25,3.50861,162910104601_3
2019/1/1 9:28,4.18638,162910104601_3
2019/1/1 9:30,4.91402,162910104601_3
2019/1/1 9:33,5.72472,162910104601_3
2019/1/1 9:35,6.64341,162910104601_3
2019/1/1 9:36,7.05932,162910104601_3
2019/1/1 9:40,7.92201,162910104601_3
2019/1/1 9:42,9.30669,162910104601_3
2019/1/1 9:45,10.32271,162910104601_3
2019/1/1 9:49,11.79302,162910104601_3
2019/1/1 9:51,12.20109,162910104601_3
2019/1/1 9:53,12.95712,162910104601_3
2019/1/1 9:55,13.65437,162910104601_3
2019/1/1 9:57,14.32924,162910104601_3
2019/1/1 9:59,15.07501,162910104601_3
2019/1/1 10:05,16.71311,162910104601_3
2019/1/1 10:11,18.3731,162910104601_3
2019/1/1 10:15,19.80024,162910104601_3
2019/1/1 10:19,21.12827,162910104601_3
2019/1/1 13:47,0,162910104601_5
2019/1/1 13:50,1.32358,162910104601_5
2019/1/1 13:52,2.23103,162910104601_5
2019/1/1 13:57,2.83657,162910104601_5
2019/1/1 13:58,3.50861,162910104601_5
2019/1/1 14:01,4.18638,162910104601_5
2019/1/1 14:03,4.91402,162910104601_5
2019/1/1 14:07,5.72472,162910104601_5
2019/1/1 14:10,6.64341,162910104601_5
2019/1/1 14:11,7.05932,162910104601_5
2019/1/1 14:14,7.92201,162910104601_5
2019/1/1 14:18,9.30669,162910104601_5
2019/1/1 14:22,10.32271,162910104601_5
2019/1/1 14:26,11.79302,162910104601_5
2019/1/1 14:28,12.20109,162910104601_5
2019/1/1 14:30,12.95712,162910104601_5
2019/1/1 14:37,13.65437,162910104601_5
2019/1/1 14:52,14.32924,162910104601_5
2019/1/1 14:54,15.07501,162910104601_5
2019/1/1 14:59,16.71311,162910104601_5
2019/1/1 15:05,18.3731,162910104601_5
2019/1/1 15:11,19.80024,162910104601_5
2019/1/1 15:15,21.12827,162910104601_5
2019/1/1 18:02,0,162910104601_7
2019/1/1 18:06,1.32358,162910104601_7
2019/1/1 18:10,2.23103,162910104601_7
2019/1/1 18:12,2.83657,162910104601_7
2019/1/1 18:13,3.50861,162910104601_7
2019/1/1 18:16,4.18638,162910104601_7
2019/1/1 18:19,4.91402,162910104601_7
2019/1/1 18:22,5.72472,162910104601_7
2019/1/1 18:24,6.64341,162910104601_7
2019/1/1 18:26,7.05932,162910104601_7
2019/1/1 18:28,7.92201,162910104601_7
2019/1/1 18:31,9.30669,162910104601_7
2019/1/1 18:33,10.32271,162910104601_7
2019/1/1 18:37,11.79302,162910104601_7
2019/1/1 18:39,12.20109,162910104601_7
2019/1/1 18:41,12.95712,162910104601_7
2019/1/1 18:44,13.65437,162910104601_7
2019/1/1 18:47,14.32924,162910104601_7
2019/1/1 18:50,15.07501,162910104601_7
2019/1/1 18:55,16.71311,162910104601_7
2019/1/1 19:01,18.3731,162910104601_7
2019/1/1 19:06,19.80024,162910104601_7
2019/1/1 19:10,21.12827,162910104601_7
2019/1/1 21:00,0,162910104601_9
2019/1/1 21:04,1.32358,162910104601_9
2019/1/1 21:08,2.23103,162910104601_9
2019/1/1 21:12,2.83657,162910104601_9
2019/1/1 21:14,3.50861,162910104601_9
2019/1/1 21:17,4.18638,162910104601_9
2019/1/1 21:19,4.91402,162910104601_9
2019/1/1 21:21,5.72472,162910104601_9
2019/1/1 21:24,6.64341,162910104601_9
2019/1/1 21:26,7.05932,162910104601_9
2019/1/1 21:30,7.92201,162910104601_9
2019/1/1 21:32,9.30669,162910104601_9
2019/1/1 21:36,10.32271,162910104601_9
2019/1/1 21:43,11.79302,162910104601_9
2019/1/1 21:44,12.20109,162910104601_9
2019/1/1 21:45,12.95712,162910104601_9
2019/1/1 21:47,13.65437,162910104601_9
2019/1/1 21:49,14.32924,162910104601_9
2019/1/1 21:51,15.07501,162910104601_9
2019/1/1 21:56,16.71311,162910104601_9
2019/1/1 22:01,18.3731,162910104601_9
2019/1/1 22:04,19.80024,162910104601_9
2019/1/1 22:08,21.12827,162910104601_9
,,
,,
,,
,,
,,
,,
,,
,,
,,
,,
,,
,,
,,
,,
,,
,,
,,
,,
,,
,,
,,
,,
2019/1/1 6:09,21.12827,731173732437_0
2019/1/1 7:53,0,731173732437_2
2019/1/1 7:57,1.32358,731173732437_2
2019/1/1 8:01,2.23103,731173732437_2
2019/1/1 8:04,2.83657,731173732437_2
2019/1/1 8:06,3.50861,731173732437_2
2019/1/1 8:08,4.18638,731173732437_2
2019/1/1 8:11,4.91402,731173732437_2
2019/1/1 8:15,5.72472,731173732437_2
2019/1/1 8:17,6.64341,731173732437_2
2019/1/1 8:19,7.05932,731173732437_2
2019/1/1 8:21,7.92201,731173732437_2
2019/1/1 8:24,9.30669,731173732437_2
2019/1/1 8:29,10.32271,731173732437_2
2019/1/1 8:34,11.79302,731173732437_2
2019/1/1 8:36,12.20109,731173732437_2
2019/1/1 8:39,12.95712,731173732437_2
2019/1/1 8:41,13.65437,731173732437_2
2019/1/1 8:44,14.32924,731173732437_2
2019/1/1 8:46,15.07501,731173732437_2
2019/1/1 8:51,16.71311,731173732437_2
2019/1/1 8:57,18.3731,731173732437_2
2019/1/1 9:02,19.80024,731173732437_2
2019/1/1 9:06,21.12827,731173732437_2
2019/1/1 11:00,0,731173732437_4
2019/1/1 11:03,1.32358,731173732437_4
2019/1/1 11:07,2.23103,731173732437_4
2019/1/1 11:11,2.83657,731173732437_4
2019/1/1 11:13,3.50861,731173732437_4
2019/1/1 11:15,4.18638,731173732437_4
2019/1/1 11:18,4.91402,731173732437_4
2019/1/1 11:22,5.72472,731173732437_4
2019/1/1 11:27,6.64341,731173732437_4
2019/1/1 11:29,7.05932,731173732437_4
2019/1/1 11:32,7.92201,731173732437_4
2019/1/1 11:35,9.30669,731173732437_4
2019/1/1 11:40,10.32271,731173732437_4
2019/1/1 11:43,11.79302,731173732437_4
2019/1/1 11:45,12.20109,731173732437_4
2019/1/1 11:46,12.95712,731173732437_4
2019/1/1 11:50,13.65437,731173732437_4
2019/1/1 11:54,14.32924,731173732437_4
2019/1/1 11:56,15.07501,731173732437_4
2019/1/1 12:01,16.71311,731173732437_4
2019/1/1 12:07,18.3731,731173732437_4
2019/1/1 12:11,19.80024,731173732437_4
2019/1/1 12:15,21.12827,731173732437_4
2019/1/1 14:41,0,731173732437_6
2019/1/1 14:44,1.32358,731173732437_6
2019/1/1 14:46,2.23103,731173732437_6
2019/1/1 14:52,2.83657,731173732437_6
2019/1/1 14:54,3.50861,731173732437_6
2019/1/1 14:57,4.18638,731173732437_6
2019/1/1 14:58,4.91402,731173732437_6
2019/1/1 15:01,5.72472,731173732437_6
2019/1/1 15:03,6.64341,731173732437_6
2019/1/1 15:04,7.05932,731173732437_6
2019/1/1 15:08,7.92201,731173732437_6
2019/1/1 15:11,9.30669,731173732437_6
2019/1/1 15:14,10.32271,731173732437_6
2019/1/1 15:18,11.79302,731173732437_6
2019/1/1 15:20,12.20109,731173732437_6
2019/1/1 15:25,12.95712,731173732437_6
2019/1/1 15:33,13.65437,731173732437_6
2019/1/1 15:41,14.32924,731173732437_6
2019/1/1 15:43,15.07501,731173732437_6
2019/1/1 15:49,16.71311,731173732437_6
2019/1/1 15:56,18.3731,731173732437_6
2019/1/1 16:00,19.80024,731173732437_6
2019/1/1 16:04,21.12827,731173732437_6
2019/1/1 19:02,0,731173732437_8
2019/1/1 19:06,1.32358,731173732437_8
2019/1/1 19:08,2.23103,731173732437_8
2019/1/1 19:10,2.83657,731173732437_8
2019/1/1 19:12,3.50861,731173732437_8
2019/1/1 19:14,4.18638,731173732437_8
2019/1/1 19:17,4.91402,731173732437_8
2019/1/1 19:18,5.72472,731173732437_8
2019/1/1 19:21,6.64341,731173732437_8
2019/1/1 19:22,7.05932,731173732437_8
2019/1/1 19:25,7.92201,731173732437_8
2019/1/1 19:28,9.30669,731173732437_8
2019/1/1 19:32,10.32271,731173732437_8
2019/1/1 19:37,11.79302,731173732437_8
2019/1/1 19:38,12.20109,731173732437_8
2019/1/1 19:40,12.95712,731173732437_8
2019/1/1 19:41,13.65437,731173732437_8
2019/1/1 19:44,14.32924,731173732437_8
2019/1/1 19:46,15.07501,731173732437_8
2019/1/1 19:53,16.71311,731173732437_8
2019/1/1 19:59,18.3731,731173732437_8
2019/1/1 20:04,19.80024,731173732437_8
2019/1/1 20:08,21.12827,731173732437_8
2019/1/1 22:01,0,731173732437_10
2019/1/1 22:04,1.32358,731173732437_10
2019/1/1 22:07,2.23103,731173732437_10
2019/1/1 22:10,2.83657,731173732437_10
2019/1/1 22:11,3.50861,731173732437_10
2019/1/1 22:13,4.18638,731173732437_10
2019/1/1 22:16,4.91402,731173732437_10
2019/1/1 22:19,5.72472,731173732437_10
2019/1/1 22:25,6.64341,731173732437_10
2019/1/1 22:26,7.05932,731173732437_10
2019/1/1 22:30,7.92201,731173732437_10
2019/1/1 22:33,9.30669,731173732437_10
2019/1/1 22:37,10.32271,731173732437_10
2019/1/1 22:40,11.79302,731173732437_10
2019/1/1 22:41,12.20109,731173732437_10
2019/1/1 22:43,12.95712,731173732437_10
2019/1/1 22:45,13.65437,731173732437_10
2019/1/1 22:47,14.32924,731173732437_10
2019/1/1 22:49,15.07501,731173732437_10
2019/1/1 22:54,16.71311,731173732437_10
2019/1/1 22:59,18.3731,731173732437_10
2019/1/1 23:02,19.80024,731173732437_10
2019/1/1 23:06,21.12827,731173732437_10
,,
,,
,,
,,
,,
,,
,,
,,
,,
,,
,,
,,
,,
,,
,,
,,
,,
,,
,,
,,
,,
,,
2019/1/1 5:56,21.12827,091809091890_0
2019/1/1 7:39,0,091809091890_2
2019/1/1 7:42,1.32358,091809091890_2
2019/1/1 7:45,2.23103,091809091890_2
2019/1/1 7:47,2.83657,091809091890_2
2019/1/1 7:49,3.50861,091809091890_2
2019/1/1 7:53,4.18638,091809091890_2
2019/1/1 7:56,4.91402,091809091890_2
2019/1/1 7:58,5.72472,091809091890_2
2019/1/1 8:00,6.64341,091809091890_2
2019/1/1 8:02,7.05932,091809091890_2
2019/1/1 8:04,7.92201,091809091890_2
2019/1/1 8:07,9.30669,091809091890_2
2019/1/1 8:12,10.32271,091809091890_2
2019/1/1 8:18,11.79302,091809091890_2
2019/1/1 8:19,12.20109,091809091890_2
2019/1/1 8:21,12.95712,091809091890_2
2019/1/1 8:23,13.65437,091809091890_2
2019/1/1 8:26,14.32924,091809091890_2
2019/1/1 8:28,15.07501,091809091890_2
2019/1/1 8:33,16.71311,091809091890_2
2019/1/1 8:38,18.3731,091809091890_2
2019/1/1 8:42,19.80024,091809091890_2
2019/1/1 8:46,21.12827,091809091890_2
2019/1/1 10:36,0,091809091890_4
2019/1/1 10:39,1.32358,091809091890_4
2019/1/1 10:41,2.23103,091809091890_4
2019/1/1 10:45,2.83657,091809091890_4
2019/1/1 10:46,3.50861,091809091890_4
2019/1/1 10:48,4.18638,091809091890_4
2019/1/1 10:51,4.91402,091809091890_4
2019/1/1 10:53,5.72472,091809091890_4
2019/1/1 10:56,6.64341,091809091890_4
2019/1/1 10:58,7.05932,091809091890_4
2019/1/1 11:01,7.92201,091809091890_4
2019/1/1 11:03,9.30669,091809091890_4
2019/1/1 11:06,10.32271,091809091890_4
2019/1/1 11:12,11.79302,091809091890_4
2019/1/1 11:13,12.20109,091809091890_4
2019/1/1 11:16,12.95712,091809091890_4
2019/1/1 11:17,13.65437,091809091890_4
2019/1/1 11:21,14.32924,091809091890_4
2019/1/1 11:22,15.07501,091809091890_4
2019/1/1 11:28,16.71311,091809091890_4
2019/1/1 11:33,18.3731,091809091890_4
2019/1/1 11:39,19.80024,091809091890_4
2019/1/1 11:43,21.12827,091809091890_4
2019/1/1 15:18,0,091809091890_6
2019/1/1 15:21,1.32358,091809091890_6
2019/1/1 15:26,2.23103,091809091890_6
2019/1/1 15:29,2.83657,091809091890_6
2019/1/1 15:31,3.50861,091809091890_6
2019/1/1 15:33,4.18638,091809091890_6
2019/1/1 15:37,4.91402,091809091890_6
2019/1/1 15:38,5.72472,091809091890_6
2019/1/1 15:42,6.64341,091809091890_6
2019/1/1 15:44,7.05932,091809091890_6
2019/1/1 15:46,7.92201,091809091890_6
2019/1/1 15:49,9.30669,091809091890_6
2019/1/1 15:52,10.32271,091809091890_6
2019/1/1 15:57,11.79302,091809091890_6
2019/1/1 15:59,12.20109,091809091890_6
2019/1/1 16:07,12.95712,091809091890_6
2019/1/1 16:11,13.65437,091809091890_6
2019/1/1 16:29,14.32924,091809091890_6
2019/1/1 16:36,15.07501,091809091890_6
2019/1/1 16:45,16.71311,091809091890_6
2019/1/1 16:54,18.3731,091809091890_6
2019/1/1 16:58,19.80024,091809091890_6
2019/1/1 17:02,21.12827,091809091890_6
2019/1/1 19:18,0,091809091890_8
2019/1/1 19:22,1.32358,091809091890_8
2019/1/1 19:24,2.23103,091809091890_8
2019/1/1 19:27,2.83657,091809091890_8
2019/1/1 19:29,3.50861,091809091890_8
2019/1/1 19:32,4.18638,091809091890_8
2019/1/1 19:35,4.91402,091809091890_8
2019/1/1 19:39,5.72472,091809091890_8
2019/1/1 19:43,6.64341,091809091890_8
2019/1/1 19:44,7.05932,091809091890_8
2019/1/1 19:46,7.92201,091809091890_8
2019/1/1 19:49,9.30669,091809091890_8
2019/1/1 19:52,10.32271,091809091890_8
2019/1/1 19:57,11.79302,091809091890_8
2019/1/1 19:58,12.20109,091809091890_8
2019/1/1 19:59,12.95712,091809091890_8
2019/1/1 20:02,13.65437,091809091890_8
2019/1/1 20:06,14.32924,091809091890_8
2019/1/1 20:10,15.07501,091809091890_8
2019/1/1 20:15,16.71311,091809091890_8
2019/1/1 20:21,18.3731,091809091890_8
2019/1/1 20:24,19.80024,091809091890_8
2019/1/1 20:28,21.12827,091809091890_8
2019/1/1 22:36,0,091809091890_10
2019/1/1 22:39,1.32358,091809091890_10
2019/1/1 22:42,2.23103,091809091890_10
2019/1/1 22:46,2.83657,091809091890_10
2019/1/1 22:48,3.50861,091809091890_10
2019/1/1 22:51,4.18638,091809091890_10
2019/1/1 22:53,4.91402,091809091890_10
2019/1/1 22:54,5.72472,091809091890_10
2019/1/1 22:56,6.64341,091809091890_10
2019/1/1 22:57,7.05932,091809091890_10
2019/1/1 23:00,7.92201,091809091890_10
2019/1/1 23:02,9.30669,091809091890_10
2019/1/1 23:05,10.32271,091809091890_10
2019/1/1 23:09,11.79302,091809091890_10
2019/1/1 23:10,12.20109,091809091890_10
2019/1/1 23:11,12.95712,091809091890_10
2019/1/1 23:13,13.65437,091809091890_10
2019/1/1 23:16,14.32924,091809091890_10
2019/1/1 23:17,15.07501,091809091890_10
2019/1/1 23:24,16.71311,091809091890_10
2019/1/1 23:28,18.3731,091809091890_10
2019/1/1 23:30,19.80024,091809091890_10
2019/1/1 23:34,21.12827,091809091890_10
2019/1/1 6:45,0,541305454302_0
2019/1/1 6:47,1.32358,541305454302_0
2019/1/1 6:49,2.23103,541305454302_0
2019/1/1 6:52,2.83657,541305454302_0
2019/1/1 6:55,3.50861,541305454302_0
2019/1/1 6:57,4.18638,541305454302_0
2019/1/1 6:59,4.91402,541305454302_0
2019/1/1 7:00,5.72472,541305454302_0
2019/1/1 7:04,6.64341,541305454302_0
2019/1/1 7:05,7.05932,541305454302_0
2019/1/1 7:07,7.92201,541305454302_0
2019/1/1 7:09,9.30669,541305454302_0
2019/1/1 7:12,10.32271,541305454302_0
2019/1/1 7:15,11.79302,541305454302_0
2019/1/1 7:17,12.20109,541305454302_0
2019/1/1 7:18,12.95712,541305454302_0
2019/1/1 7:20,13.65437,541305454302_0
2019/1/1 7:22,14.32924,541305454302_0
2019/1/1 7:23,15.07501,541305454302_0
2019/1/1 7:28,16.71311,541305454302_0
2019/1/1 7:33,18.3731,541305454302_0
2019/1/1 7:38,19.80024,541305454302_0
2019/1/1 7:42,21.12827,541305454302_0
2019/1/1 9:53,0,541305454302_2
2019/1/1 9:57,1.32358,541305454302_2
2019/1/1 10:00,2.23103,541305454302_2
2019/1/1 10:03,2.83657,541305454302_2
2019/1/1 10:05,3.50861,541305454302_2
2019/1/1 10:07,4.18638,541305454302_2
2019/1/1 10:09,4.91402,541305454302_2
2019/1/1 10:11,5.72472,541305454302_2
2019/1/1 10:16,6.64341,541305454302_2
2019/1/1 10:18,7.05932,541305454302_2
2019/1/1 10:22,7.92201,541305454302_2
2019/1/1 10:24,9.30669,541305454302_2
2019/1/1 10:29,10.32271,541305454302_2
2019/1/1 10:35,11.79302,541305454302_2
2019/1/1 10:36,12.20109,541305454302_2
2019/1/1 10:39,12.95712,541305454302_2
2019/1/1 10:41,13.65437,541305454302_2
2019/1/1 10:42,14.32924,541305454302_2
2019/1/1 10:44,15.07501,541305454302_2
2019/1/1 10:49,16.71311,541305454302_2
2019/1/1 10:55,18.3731,541305454302_2
2019/1/1 11:01,19.80024,541305454302_2
2019/1/1 11:05,21.12827,541305454302_2
2019/1/1 13:23,0,541305454302_4
2019/1/1 13:26,1.32358,541305454302_4
2019/1/1 13:29,2.23103,541305454302_4
2019/1/1 13:34,2.83657,541305454302_4
2019/1/1 13:36,3.50861,541305454302_4
2019/1/1 13:37,4.18638,541305454302_4
2019/1/1 13:39,4.91402,541305454302_4
2019/1/1 13:42,5.72472,541305454302_4
2019/1/1 13:45,6.64341,541305454302_4
2019/1/1 13:47,7.05932,541305454302_4
2019/1/1 13:50,7.92201,541305454302_4
2019/1/1 13:53,9.30669,541305454302_4
2019/1/1 13:57,10.32271,541305454302_4
2019/1/1 14:00,11.79302,541305454302_4
2019/1/1 14:02,12.20109,541305454302_4
2019/1/1 14:04,12.95712,541305454302_4
2019/1/1 14:12,13.65437,541305454302_4
2019/1/1 14:16,14.32924,541305454302_4
2019/1/1 14:18,15.07501,541305454302_4
2019/1/1 14:23,16.71311,541305454302_4
2019/1/1 14:27,18.3731,541305454302_4
2019/1/1 14:32,19.80024,541305454302_4
2019/1/1 14:36,21.12827,541305454302_4
2019/1/1 17:34,0,541305454302_6
2019/1/1 17:37,1.32358,541305454302_6
2019/1/1 17:41,2.23103,541305454302_6
2019/1/1 17:44,2.83657,541305454302_6
2019/1/1 17:45,3.50861,541305454302_6
2019/1/1 17:47,4.18638,541305454302_6
2019/1/1 17:49,4.91402,541305454302_6
2019/1/1 17:51,5.72472,541305454302_6
2019/1/1 17:54,6.64341,541305454302_6
2019/1/1 17:55,7.05932,541305454302_6
2019/1/1 17:58,7.92201,541305454302_6
2019/1/1 18:00,9.30669,541305454302_6
2019/1/1 18:04,10.32271,541305454302_6
2019/1/1 18:10,11.79302,541305454302_6
2019/1/1 18:11,12.20109,541305454302_6
2019/1/1 18:13,12.95712,541305454302_6
2019/1/1 18:16,13.65437,541305454302_6
2019/1/1 18:19,14.32924,541305454302_6
2019/1/1 18:20,15.07501,541305454302_6
2019/1/1 18:28,16.71311,541305454302_6
2019/1/1 18:35,18.3731,541305454302_6
2019/1/1 18:39,19.80024,541305454302_6
2019/1/1 18:43,21.12827,541305454302_6
2019/1/1 20:40,0,541305454302_8
2019/1/1 20:44,1.32358,541305454302_8
2019/1/1 20:46,2.23103,541305454302_8
2019/1/1 20:48,2.83657,541305454302_8
2019/1/1 20:50,3.50861,541305454302_8
2019/1/1 20:53,4.18638,541305454302_8
2019/1/1 20:54,4.91402,541305454302_8
2019/1/1 20:56,5.72472,541305454302_8
2019/1/1 21:01,6.64341,541305454302_8
2019/1/1 21:03,7.05932,541305454302_8
2019/1/1 21:07,7.92201,541305454302_8
2019/1/1 21:09,9.30669,541305454302_8
2019/1/1 21:13,10.32271,541305454302_8
2019/1/1 21:18,11.79302,541305454302_8
2019/1/1 21:20,12.20109,541305454302_8
2019/1/1 21:22,12.95712,541305454302_8
2019/1/1 21:23,13.65437,541305454302_8
2019/1/1 21:26,14.32924,541305454302_8
2019/1/1 21:27,15.07501,541305454302_8
2019/1/1 21:33,16.71311,541305454302_8
2019/1/1 21:37,18.3731,541305454302_8
2019/1/1 21:40,19.80024,541305454302_8
2019/1/1 21:44,21.12827,541305454302_8
2019/1/1 10:47,0,102910104607_1
2019/1/1 10:51,1.32358,102910104607_1
2019/1/1 10:54,2.23103,102910104607_1
2019/1/1 10:56,2.83657,102910104607_1
2019/1/1 10:59,3.50861,102910104607_1
2019/1/1 11:00,4.18638,102910104607_1
2019/1/1 11:02,4.91402,102910104607_1
2019/1/1 11:05,5.72472,102910104607_1
2019/1/1 11:09,6.64341,102910104607_1
2019/1/1 11:11,7.05932,102910104607_1
2019/1/1 11:15,7.92201,102910104607_1
2019/1/1 11:17,9.30669,102910104607_1
2019/1/1 11:21,10.32271,102910104607_1
2019/1/1 11:27,11.79302,102910104607_1
2019/1/1 11:29,12.20109,102910104607_1
2019/1/1 11:31,12.95712,102910104607_1
2019/1/1 11:32,13.65437,102910104607_1
2019/1/1 11:38,14.32924,102910104607_1
2019/1/1 11:39,15.07501,102910104607_1
2019/1/1 11:47,16.71311,102910104607_1
2019/1/1 11:52,18.3731,102910104607_1
2019/1/1 11:57,19.80024,102910104607_1
2019/1/1 12:01,21.12827,102910104607_1
2019/1/1 14:54,0,102910104607_3
2019/1/1 14:57,1.32358,102910104607_3
2019/1/1 14:59,2.23103,102910104607_3
2019/1/1 15:03,2.83657,102910104607_3
2019/1/1 15:05,3.50861,102910104607_3
2019/1/1 15:07,4.18638,102910104607_3
2019/1/1 15:09,4.91402,102910104607_3
2019/1/1 15:10,5.72472,102910104607_3
2019/1/1 15:15,6.64341,102910104607_3
2019/1/1 15:16,7.05932,102910104607_3
2019/1/1 15:19,7.92201,102910104607_3
2019/1/1 15:21,9.30669,102910104607_3
2019/1/1 15:24,10.32271,102910104607_3
2019/1/1 15:29,11.79302,102910104607_3
2019/1/1 15:30,12.20109,102910104607_3
2019/1/1 15:34,12.95712,102910104607_3
2019/1/1 15:44,13.65437,102910104607_3
2019/1/1 15:58,14.32924,102910104607_3
2019/1/1 16:01,15.07501,102910104607_3
2019/1/1 16:14,16.71311,102910104607_3
2019/1/1 16:20,18.3731,102910104607_3
2019/1/1 16:25,19.80024,102910104607_3
2019/1/1 16:29,21.12827,102910104607_3
2019/1/1 18:52,0,102910104607_5
2019/1/1 18:54,1.32358,102910104607_5
2019/1/1 18:56,2.23103,102910104607_5
2019/1/1 19:02,2.83657,102910104607_5
2019/1/1 19:03,3.50861,102910104607_5
2019/1/1 19:06,4.18638,102910104607_5
2019/1/1 19:08,4.91402,102910104607_5
2019/1/1 19:11,5.72472,102910104607_5
2019/1/1 19:14,6.64341,102910104607_5
2019/1/1 19:16,7.05932,102910104607_5
2019/1/1 19:18,7.92201,102910104607_5
2019/1/1 19:21,9.30669,102910104607_5
2019/1/1 19:24,10.32271,102910104607_5
2019/1/1 19:27,11.79302,102910104607_5
2019/1/1 19:28,12.20109,102910104607_5
2019/1/1 19:30,12.95712,102910104607_5
2019/1/1 19:33,13.65437,102910104607_5
2019/1/1 19:36,14.32924,102910104607_5
2019/1/1 19:38,15.07501,102910104607_5
2019/1/1 19:43,16.71311,102910104607_5
2019/1/1 19:48,18.3731,102910104607_5
2019/1/1 19:53,19.80024,102910104607_5
2019/1/1 19:57,21.12827,102910104607_5
2019/1/1 21:49,0,102910104607_7
2019/1/1 21:52,1.32358,102910104607_7
2019/1/1 21:54,2.23103,102910104607_7
2019/1/1 21:56,2.83657,102910104607_7
2019/1/1 21:58,3.50861,102910104607_7
2019/1/1 21:59,4.18638,102910104607_7
2019/1/1 22:01,4.91402,102910104607_7
2019/1/1 22:04,5.72472,102910104607_7
2019/1/1 22:07,6.64341,102910104607_7
2019/1/1 22:07,7.05932,102910104607_7
2019/1/1 22:10,7.92201,102910104607_7
2019/1/1 22:13,9.30669,102910104607_7
2019/1/1 22:17,10.32271,102910104607_7
2019/1/1 22:20,11.79302,102910104607_7
2019/1/1 22:21,12.20109,102910104607_7
2019/1/1 22:23,12.95712,102910104607_7
2019/1/1 22:26,13.65437,102910104607_7
2019/1/1 22:28,14.32924,102910104607_7
2019/1/1 22:29,15.07501,102910104607_7
2019/1/1 22:34,16.71311,102910104607_7
2019/1/1 22:39,18.3731,102910104607_7
2019/1/1 22:43,19.80024,102910104607_7
2019/1/1 22:47,21.12827,102910104607_7
,,
,,
,,
,,
,,
,,
,,
,,
,,
,,
,,
,,
,,
,,
,,
,,
,,
,,
,,
,,
,,
,,
2019/1/1 7:53,21.12827,732473732439_0
2019/1/1 9:37,0,732473732439_2
2019/1/1 9:41,1.32358,732473732439_2
2019/1/1 9:45,2.23103,732473732439_2
2019/1/1 9:47,2.83657,732473732439_2
2019/1/1 9:50,3.50861,732473732439_2
2019/1/1 9:53,4.18638,732473732439_2
2019/1/1 9:56,4.91402,732473732439_2
2019/1/1 9:59,5.72472,732473732439_2
2019/1/1 10:03,6.64341,732473732439_2
2019/1/1 10:04,7.05932,732473732439_2
2019/1/1 10:07,7.92201,732473732439_2
2019/1/1 10:10,9.30669,732473732439_2
2019/1/1 10:13,10.32271,732473732439_2
2019/1/1 10:18,11.79302,732473732439_2
2019/1/1 10:19,12.20109,732473732439_2
2019/1/1 10:21,12.95712,732473732439_2
2019/1/1 10:24,13.65437,732473732439_2
2019/1/1 10:28,14.32924,732473732439_2
2019/1/1 10:30,15.07501,732473732439_2
2019/1/1 10:36,16.71311,732473732439_2
2019/1/1 10:41,18.3731,732473732439_2
2019/1/1 10:48,19.80024,732473732439_2
2019/1/1 10:52,21.12827,732473732439_2
2019/1/1 13:13,0,732473732439_4
2019/1/1 13:16,1.32358,732473732439_4
2019/1/1 13:19,2.23103,732473732439_4
2019/1/1 13:23,2.83657,732473732439_4
2019/1/1 13:25,3.50861,732473732439_4
2019/1/1 13:27,4.18638,732473732439_4
2019/1/1 13:29,4.91402,732473732439_4
2019/1/1 13:33,5.72472,732473732439_4
2019/1/1 13:36,6.64341,732473732439_4
2019/1/1 13:37,7.05932,732473732439_4
2019/1/1 13:40,7.92201,732473732439_4
2019/1/1 13:43,9.30669,732473732439_4
2019/1/1 13:46,10.32271,732473732439_4
2019/1/1 13:50,11.79302,732473732439_4
2019/1/1 13:51,12.20109,732473732439_4
2019/1/1 13:53,12.95712,732473732439_4
2019/1/1 13:57,13.65437,732473732439_4
2019/1/1 14:07,14.32924,732473732439_4
2019/1/1 14:09,15.07501,732473732439_4
2019/1/1 14:14,16.71311,732473732439_4
2019/1/1 14:19,18.3731,732473732439_4
2019/1/1 14:24,19.80024,732473732439_4
2019/1/1 14:28,21.12827,732473732439_4
2019/1/1 17:45,0,732473732439_6
2019/1/1 17:49,1.32358,732473732439_6
2019/1/1 17:52,2.23103,732473732439_6
2019/1/1 17:54,2.83657,732473732439_6
2019/1/1 17:56,3.50861,732473732439_6
2019/1/1 17:58,4.18638,732473732439_6
2019/1/1 18:01,4.91402,732473732439_6
2019/1/1 18:03,5.72472,732473732439_6
2019/1/1 18:08,6.64341,732473732439_6
2019/1/1 18:09,7.05932,732473732439_6
2019/1/1 18:11,7.92201,732473732439_6
2019/1/1 18:14,9.30669,732473732439_6
2019/1/1 18:18,10.32271,732473732439_6
2019/1/1 18:24,11.79302,732473732439_6
2019/1/1 18:25,12.20109,732473732439_6
2019/1/1 18:27,12.95712,732473732439_6
2019/1/1 18:35,13.65437,732473732439_6
2019/1/1 18:37,14.32924,732473732439_6
2019/1/1 18:39,15.07501,732473732439_6
2019/1/1 18:48,16.71311,732473732439_6
2019/1/1 18:52,18.3731,732473732439_6
2019/1/1 18:55,19.80024,732473732439_6
2019/1/1 18:59,21.12827,732473732439_6
2019/1/1 20:36,0,732473732439_8
2019/1/1 20:39,1.32358,732473732439_8
2019/1/1 20:43,2.23103,732473732439_8
2019/1/1 20:47,2.83657,732473732439_8
2019/1/1 20:49,3.50861,732473732439_8
2019/1/1 20:51,4.18638,732473732439_8
2019/1/1 20:53,4.91402,732473732439_8
2019/1/1 20:55,5.72472,732473732439_8
2019/1/1 20:59,6.64341,732473732439_8
2019/1/1 21:01,7.05932,732473732439_8
2019/1/1 21:03,7.92201,732473732439_8
2019/1/1 21:07,9.30669,732473732439_8
2019/1/1 21:10,10.32271,732473732439_8
2019/1/1 21:14,11.79302,732473732439_8
2019/1/1 21:16,12.20109,732473732439_8
2019/1/1 21:17,12.95712,732473732439_8
2019/1/1 21:19,13.65437,732473732439_8
2019/1/1 21:21,14.32924,732473732439_8
2019/1/1 21:24,15.07501,732473732439_8
2019/1/1 21:29,16.71311,732473732439_8
2019/1/1 21:33,18.3731,732473732439_8
2019/1/1 21:36,19.80024,732473732439_8
2019/1/1 21:40,21.12827,732473732439_8
2019/1/1 5:37,0,496641415915_1
2019/1/1 5:40,1.32358,496641415915_1
2019/1/1 5:43,2.23103,496641415915_1
2019/1/1 5:45,2.83657,496641415915_1
2019/1/1 5:46,3.50861,496641415915_1
2019/1/1 5:49,4.18638,496641415915_1
2019/1/1 5:51,4.91402,496641415915_1
2019/1/1 5:53,5.72472,496641415915_1
2019/1/1 5:58,6.64341,496641415915_1
2019/1/1 5:59,7.05932,496641415915_1
2019/1/1 6:03,7.92201,496641415915_1
2019/1/1 6:06,9.30669,496641415915_1
2019/1/1 6:09,10.32271,496641415915_1
2019/1/1 6:13,11.79302,496641415915_1
2019/1/1 6:14,12.20109,496641415915_1
2019/1/1 6:15,12.95712,496641415915_1
2019/1/1 6:17,13.65437,496641415915_1
2019/1/1 6:19,14.32924,496641415915_1
2019/1/1 6:21,15.07501,496641415915_1
2019/1/1 6:26,16.71311,496641415915_1
2019/1/1 6:31,18.3731,496641415915_1
2019/1/1 6:35,19.80024,496641415915_1
2019/1/1 6:39,21.12827,496641415915_1
2019/1/1 8:57,0,496641415915_3
2019/1/1 9:00,1.32358,496641415915_3
2019/1/1 9:04,2.23103,496641415915_3
2019/1/1 9:07,2.83657,496641415915_3
2019/1/1 9:08,3.50861,496641415915_3
2019/1/1 9:10,4.18638,496641415915_3
2019/1/1 9:12,4.91402,496641415915_3
2019/1/1 9:15,5.72472,496641415915_3
2019/1/1 9:18,6.64341,496641415915_3
2019/1/1 9:20,7.05932,496641415915_3
2019/1/1 9:23,7.92201,496641415915_3
2019/1/1 9:27,9.30669,496641415915_3
2019/1/1 9:31,10.32271,496641415915_3
2019/1/1 9:36,11.79302,496641415915_3
2019/1/1 9:37,12.20109,496641415915_3
2019/1/1 9:39,12.95712,496641415915_3
2019/1/1 9:42,13.65437,496641415915_3
2019/1/1 9:46,14.32924,496641415915_3
2019/1/1 9:48,15.07501,496641415915_3
2019/1/1 9:53,16.71311,496641415915_3
2019/1/1 9:59,18.3731,496641415915_3
2019/1/1 10:04,19.80024,496641415915_3
2019/1/1 10:08,21.12827,496641415915_3
2019/1/1 12:38,0,496641415915_5
2019/1/1 12:41,1.32358,496641415915_5
2019/1/1 12:43,2.23103,496641415915_5
2019/1/1 12:47,2.83657,496641415915_5
2019/1/1 12:50,3.50861,496641415915_5
2019/1/1 12:53,4.18638,496641415915_5
2019/1/1 12:56,4.91402,496641415915_5
2019/1/1 12:59,5.72472,496641415915_5
2019/1/1 13:03,6.64341,496641415915_5
2019/1/1 13:04,7.05932,496641415915_5
2019/1/1 13:07,7.92201,496641415915_5
2019/1/1 13:10,9.30669,496641415915_5
2019/1/1 13:15,10.32271,496641415915_5
2019/1/1 13:18,11.79302,496641415915_5
2019/1/1 13:20,12.20109,496641415915_5
2019/1/1 13:22,12.95712,496641415915_5
2019/1/1 13:27,13.65437,496641415915_5
2019/1/1 13:32,14.32924,496641415915_5
2019/1/1 13:33,15.07501,496641415915_5
2019/1/1 13:38,16.71311,496641415915_5
2019/1/1 13:41,18.3731,496641415915_5
2019/1/1 13:43,19.80024,496641415915_5
2019/1/1 13:47,21.12827,496641415915_5
2019/1/1 17:26,0,496641415915_7
2019/1/1 17:30,1.32358,496641415915_7
2019/1/1 17:34,2.23103,496641415915_7
2019/1/1 17:38,2.83657,496641415915_7
2019/1/1 17:40,3.50861,496641415915_7
2019/1/1 17:42,4.18638,496641415915_7
2019/1/1 17:45,4.91402,496641415915_7
2019/1/1 17:47,5.72472,496641415915_7
2019/1/1 17:52,6.64341,496641415915_7
2019/1/1 17:53,7.05932,496641415915_7
2019/1/1 17:57,7.92201,496641415915_7
2019/1/1 18:00,9.30669,496641415915_7
2019/1/1 18:05,10.32271,496641415915_7
2019/1/1 18:11,11.79302,496641415915_7
2019/1/1 18:12,12.20109,496641415915_7
2019/1/1 18:15,12.95712,496641415915_7
2019/1/1 18:17,13.65437,496641415915_7
2019/1/1 18:20,14.32924,496641415915_7
2019/1/1 18:23,15.07501,496641415915_7
2019/1/1 18:31,16.71311,496641415915_7
2019/1/1 18:39,18.3731,496641415915_7
2019/1/1 18:43,19.80024,496641415915_7
2019/1/1 18:47,21.12827,496641415915_7
2019/1/1 21:35,0,496641415915_9
2019/1/1 21:38,1.32358,496641415915_9
2019/1/1 21:42,2.23103,496641415915_9
2019/1/1 21:43,2.83657,496641415915_9
2019/1/1 21:45,3.50861,496641415915_9
2019/1/1 21:47,4.18638,496641415915_9
2019/1/1 21:49,4.91402,496641415915_9
2019/1/1 21:52,5.72472,496641415915_9
2019/1/1 21:57,6.64341,496641415915_9
2019/1/1 21:58,7.05932,496641415915_9
2019/1/1 22:00,7.92201,496641415915_9
2019/1/1 22:03,9.30669,496641415915_9
2019/1/1 22:07,10.32271,496641415915_9
2019/1/1 22:12,11.79302,496641415915_9
2019/1/1 22:14,12.20109,496641415915_9
2019/1/1 22:15,12.95712,496641415915_9
2019/1/1 22:17,13.65437,496641415915_9
2019/1/1 22:19,14.32924,496641415915_9
2019/1/1 22:21,15.07501,496641415915_9
2019/1/1 22:26,16.71311,496641415915_9
2019/1/1 22:31,18.3731,496641415915_9
2019/1/1 22:36,19.80024,496641415915_9
2019/1/1 22:40,21.12827,496641415915_9
,,
,,
,,
,,
,,
,,
,,
,,
,,
,,
,,
,,
,,
,,
,,
,,
,,
2019/1/1 6:49,14.32924,924196960269_0
,,
,,
,,
,,
,,
2019/1/1 8:12,0,924196960269_2
2019/1/1 8:14,1.32358,924196960269_2
2019/1/1 8:18,2.23103,924196960269_2
2019/1/1 8:21,2.83657,924196960269_2
2019/1/1 8:23,3.50861,924196960269_2
2019/1/1 8:25,4.18638,924196960269_2
2019/1/1 8:27,4.91402,924196960269_2
2019/1/1 8:29,5.72472,924196960269_2
2019/1/1 8:33,6.64341,924196960269_2
2019/1/1 8:35,7.05932,924196960269_2
2019/1/1 8:37,7.92201,924196960269_2
2019/1/1 8:39,9.30669,924196960269_2
2019/1/1 8:43,10.32271,924196960269_2
2019/1/1 8:48,11.79302,924196960269_2
2019/1/1 8:49,12.20109,924196960269_2
2019/1/1 8:51,12.95712,924196960269_2
2019/1/1 8:54,13.65437,924196960269_2
2019/1/1 8:57,14.32924,924196960269_2
2019/1/1 9:00,15.07501,924196960269_2
2019/1/1 9:06,16.71311,924196960269_2
2019/1/1 9:13,18.3731,924196960269_2
2019/1/1 9:18,19.80024,924196960269_2
2019/1/1 9:22,21.12827,924196960269_2
2019/1/1 11:22,0,924196960269_4
2019/1/1 11:26,1.32358,924196960269_4
2019/1/1 11:29,2.23103,924196960269_4
2019/1/1 11:34,2.83657,924196960269_4
2019/1/1 11:36,3.50861,924196960269_4
2019/1/1 11:37,4.18638,924196960269_4
2019/1/1 11:39,4.91402,924196960269_4
2019/1/1 11:43,5.72472,924196960269_4
2019/1/1 11:47,6.64341,924196960269_4
2019/1/1 11:48,7.05932,924196960269_4
2019/1/1 11:52,7.92201,924196960269_4
2019/1/1 11:54,9.30669,924196960269_4
2019/1/1 11:59,10.32271,924196960269_4
2019/1/1 12:03,11.79302,924196960269_4
2019/1/1 12:05,12.20109,924196960269_4
2019/1/1 12:06,12.95712,924196960269_4
2019/1/1 12:08,13.65437,924196960269_4
2019/1/1 12:12,14.32924,924196960269_4
2019/1/1 12:14,15.07501,924196960269_4
2019/1/1 12:20,16.71311,924196960269_4
2019/1/1 12:26,18.3731,924196960269_4
2019/1/1 12:29,19.80024,924196960269_4
2019/1/1 12:33,21.12827,924196960269_4
2019/1/1 15:07,0,924196960269_6
2019/1/1 15:10,1.32358,924196960269_6
2019/1/1 15:14,2.23103,924196960269_6
2019/1/1 15:18,2.83657,924196960269_6
2019/1/1 15:20,3.50861,924196960269_6
2019/1/1 15:23,4.18638,924196960269_6
2019/1/1 15:26,4.91402,924196960269_6
2019/1/1 15:29,5.72472,924196960269_6
2019/1/1 15:31,6.64341,924196960269_6
2019/1/1 15:33,7.05932,924196960269_6
2019/1/1 15:35,7.92201,924196960269_6
2019/1/1 15:40,9.30669,924196960269_6
2019/1/1 15:44,10.32271,924196960269_6
2019/1/1 15:50,11.79302,924196960269_6
2019/1/1 15:51,12.20109,924196960269_6
2019/1/1 15:55,12.95712,924196960269_6
2019/1/1 16:07,13.65437,924196960269_6
2019/1/1 16:25,14.32924,924196960269_6
2019/1/1 16:30,15.07501,924196960269_6
2019/1/1 16:40,16.71311,924196960269_6
2019/1/1 16:50,18.3731,924196960269_6
2019/1/1 16:55,19.80024,924196960269_6
2019/1/1 16:59,21.12827,924196960269_6
2019/1/1 19:25,0,924196960269_8
2019/1/1 19:27,1.32358,924196960269_8
2019/1/1 19:29,2.23103,924196960269_8
2019/1/1 19:31,2.83657,924196960269_8
2019/1/1 19:33,3.50861,924196960269_8
2019/1/1 19:35,4.18638,924196960269_8
2019/1/1 19:36,4.91402,924196960269_8
2019/1/1 19:40,5.72472,924196960269_8
2019/1/1 19:43,6.64341,924196960269_8
2019/1/1 19:45,7.05932,924196960269_8
2019/1/1 19:46,7.92201,924196960269_8
2019/1/1 19:49,9.30669,924196960269_8
2019/1/1 19:52,10.32271,924196960269_8
2019/1/1 19:57,11.79302,924196960269_8
2019/1/1 19:58,12.20109,924196960269_8
2019/1/1 19:59,12.95712,924196960269_8
2019/1/1 20:01,13.65437,924196960269_8
2019/1/1 20:05,14.32924,924196960269_8
2019/1/1 20:06,15.07501,924196960269_8
2019/1/1 20:12,16.71311,924196960269_8
2019/1/1 20:16,18.3731,924196960269_8
2019/1/1 20:20,19.80024,924196960269_8
2019/1/1 20:24,21.12827,924196960269_8
2019/1/1 23:01,0,924196960269_10
2019/1/1 23:05,1.32358,924196960269_10
2019/1/1 23:08,2.23103,924196960269_10
2019/1/1 23:10,2.83657,924196960269_10
2019/1/1 23:12,3.50861,924196960269_10
2019/1/1 23:13,4.18638,924196960269_10
2019/1/1 23:16,4.91402,924196960269_10
2019/1/1 23:19,5.72472,924196960269_10
2019/1/1 23:20,6.64341,924196960269_10
2019/1/1 23:22,7.05932,924196960269_10
2019/1/1 23:23,7.92201,924196960269_10
2019/1/1 23:25,9.30669,924196960269_10
2019/1/1 23:28,10.32271,924196960269_10
2019/1/1 23:31,11.79302,924196960269_10
2019/1/1 23:32,12.20109,924196960269_10
2019/1/1 23:33,12.95712,924196960269_10
2019/1/1 23:34,13.65437,924196960269_10
2019/1/1 23:36,14.32924,924196960269_10
2019/1/1 23:37,15.07501,924196960269_10
2019/1/1 23:41,16.71311,924196960269_10
2019/1/1 23:45,18.3731,924196960269_10
2019/1/1 23:48,19.80024,924196960269_10
2019/1/1 23:52,21.12827,924196960269_10
,,
,,
,,
,,
,,
,,
,,
,,
,,
,,
,,
,,
,,
,,
,,
,,
,,
,,
,,
,,
,,
,,
2019/1/1 6:01,21.12827,035409091893_0
2019/1/1 7:45,0,035409091893_2
2019/1/1 7:49,1.32358,035409091893_2
2019/1/1 7:52,2.23103,035409091893_2
2019/1/1 7:55,2.83657,035409091893_2
2019/1/1 7:57,3.50861,035409091893_2
2019/1/1 7:58,4.18638,035409091893_2
2019/1/1 8:02,4.91402,035409091893_2
2019/1/1 8:03,5.72472,035409091893_2
2019/1/1 8:07,6.64341,035409091893_2
2019/1/1 8:08,7.05932,035409091893_2
2019/1/1 8:10,7.92201,035409091893_2
2019/1/1 8:13,9.30669,035409091893_2
2019/1/1 8:18,10.32271,035409091893_2
2019/1/1 8:21,11.79302,035409091893_2
2019/1/1 8:23,12.20109,035409091893_2
2019/1/1 8:24,12.95712,035409091893_2
2019/1/1 8:27,13.65437,035409091893_2
2019/1/1 8:29,14.32924,035409091893_2
2019/1/1 8:31,15.07501,035409091893_2
2019/1/1 8:35,16.71311,035409091893_2
2019/1/1 8:40,18.3731,035409091893_2
2019/1/1 8:44,19.80024,035409091893_2
2019/1/1 8:48,21.12827,035409091893_2
2019/1/1 10:50,0,035409091893_4
2019/1/1 10:53,1.32358,035409091893_4
2019/1/1 10:56,2.23103,035409091893_4
2019/1/1 11:00,2.83657,035409091893_4
2019/1/1 11:01,3.50861,035409091893_4
2019/1/1 11:03,4.18638,035409091893_4
2019/1/1 11:06,4.91402,035409091893_4
2019/1/1 11:08,5.72472,035409091893_4
2019/1/1 11:12,6.64341,035409091893_4
2019/1/1 11:13,7.05932,035409091893_4
2019/1/1 11:16,7.92201,035409091893_4
,,
,,
,,
,,
,,
,,
,,
,,
,,
,,
,,
,,
2019/1/1 12:17,0,035409091893_6
2019/1/1 12:21,1.32358,035409091893_6
2019/1/1 12:23,2.23103,035409091893_6
2019/1/1 12:26,2.83657,035409091893_6
2019/1/1 12:28,3.50861,035409091893_6
2019/1/1 12:30,4.18638,035409091893_6
2019/1/1 12:32,4.91402,035409091893_6
2019/1/1 12:34,5.72472,035409091893_6
2019/1/1 12:38,6.64341,035409091893_6
2019/1/1 12:40,7.05932,035409091893_6
2019/1/1 12:42,7.92201,035409091893_6
2019/1/1 12:45,9.30669,035409091893_6
2019/1/1 12:49,10.32271,035409091893_6
2019/1/1 12:54,11.79302,035409091893_6
2019/1/1 12:55,12.20109,035409091893_6
2019/1/1 12:57,12.95712,035409091893_6
2019/1/1 13:00,13.65437,035409091893_6
2019/1/1 13:04,14.32924,035409091893_6
2019/1/1 13:05,15.07501,035409091893_6
2019/1/1 13:12,16.71311,035409091893_6
2019/1/1 13:17,18.3731,035409091893_6
2019/1/1 13:21,19.80024,035409091893_6
2019/1/1 13:25,21.12827,035409091893_6
2019/1/1 18:58,0,035409091893_8
2019/1/1 19:01,1.32358,035409091893_8
2019/1/1 19:03,2.23103,035409091893_8
2019/1/1 19:06,2.83657,035409091893_8
2019/1/1 19:08,3.50861,035409091893_8
2019/1/1 19:09,4.18638,035409091893_8
2019/1/1 19:11,4.91402,035409091893_8
2019/1/1 19:15,5.72472,035409091893_8
2019/1/1 19:18,6.64341,035409091893_8
2019/1/1 19:20,7.05932,035409091893_8
2019/1/1 19:22,7.92201,035409091893_8
2019/1/1 19:26,9.30669,035409091893_8
2019/1/1 19:29,10.32271,035409091893_8
2019/1/1 19:34,11.79302,035409091893_8
2019/1/1 19:35,12.20109,035409091893_8
2019/1/1 19:38,12.95712,035409091893_8
2019/1/1 19:40,13.65437,035409091893_8
2019/1/1 19:42,14.32924,035409091893_8
2019/1/1 19:44,15.07501,035409091893_8
2019/1/1 19:50,16.71311,035409091893_8
2019/1/1 19:55,18.3731,035409091893_8
2019/1/1 20:00,19.80024,035409091893_8
2019/1/1 20:04,21.12827,035409091893_8
,,
,,
,,
,,
,,
,,
,,
,,
,,
,,
,,
,,
,,
,,
,,
,,
,,
,,
,,
,,
,,
,,
2019/1/1 17:31,21.12827,198810104603_0
2019/1/1 19:37,0,198810104603_2
2019/1/1 19:40,1.32358,198810104603_2
2019/1/1 19:42,2.23103,198810104603_2
2019/1/1 19:47,2.83657,198810104603_2
2019/1/1 19:48,3.50861,198810104603_2
2019/1/1 19:50,4.18638,198810104603_2
2019/1/1 19:51,4.91402,198810104603_2
2019/1/1 19:52,5.72472,198810104603_2
2019/1/1 19:57,6.64341,198810104603_2
2019/1/1 19:58,7.05932,198810104603_2
2019/1/1 19:59,7.92201,198810104603_2
2019/1/1 20:02,9.30669,198810104603_2
2019/1/1 20:05,10.32271,198810104603_2
2019/1/1 20:11,11.79302,198810104603_2
2019/1/1 20:12,12.20109,198810104603_2
2019/1/1 20:13,12.95712,198810104603_2
2019/1/1 20:15,13.65437,198810104603_2
2019/1/1 20:17,14.32924,198810104603_2
2019/1/1 20:19,15.07501,198810104603_2
2019/1/1 20:24,16.71311,198810104603_2
2019/1/1 20:29,18.3731,198810104603_2
2019/1/1 20:31,19.80024,198810104603_2
2019/1/1 20:35,21.12827,198810104603_2
2019/1/1 7:10,0,061809091897_1
2019/1/1 7:13,1.32358,061809091897_1
2019/1/1 7:15,2.23103,061809091897_1
2019/1/1 7:18,2.83657,061809091897_1
2019/1/1 7:19,3.50861,061809091897_1
2019/1/1 7:23,4.18638,061809091897_1
2019/1/1 7:25,4.91402,061809091897_1
2019/1/1 7:29,5.72472,061809091897_1
2019/1/1 7:33,6.64341,061809091897_1
2019/1/1 7:34,7.05932,061809091897_1
2019/1/1 7:37,7.92201,061809091897_1
2019/1/1 7:39,9.30669,061809091897_1
2019/1/1 7:43,10.32271,061809091897_1
2019/1/1 7:47,11.79302,061809091897_1
2019/1/1 7:48,12.20109,061809091897_1
2019/1/1 7:51,12.95712,061809091897_1
2019/1/1 7:54,13.65437,061809091897_1
2019/1/1 7:57,14.32924,061809091897_1
2019/1/1 7:59,15.07501,061809091897_1
2019/1/1 8:04,16.71311,061809091897_1
2019/1/1 8:10,18.3731,061809091897_1
2019/1/1 8:12,19.80024,061809091897_1
2019/1/1 8:16,21.12827,061809091897_1
2019/1/1 10:09,0,061809091897_3
2019/1/1 10:12,1.32358,061809091897_3
2019/1/1 10:16,2.23103,061809091897_3
2019/1/1 10:22,2.83657,061809091897_3
2019/1/1 10:24,3.50861,061809091897_3
2019/1/1 10:27,4.18638,061809091897_3
2019/1/1 10:29,4.91402,061809091897_3
2019/1/1 10:33,5.72472,061809091897_3
2019/1/1 10:37,6.64341,061809091897_3
2019/1/1 10:39,7.05932,061809091897_3
2019/1/1 10:41,7.92201,061809091897_3
2019/1/1 10:45,9.30669,061809091897_3
2019/1/1 10:49,10.32271,061809091897_3
2019/1/1 10:54,11.79302,061809091897_3
2019/1/1 10:56,12.20109,061809091897_3
2019/1/1 10:58,12.95712,061809091897_3
2019/1/1 11:01,13.65437,061809091897_3
2019/1/1 11:04,14.32924,061809091897_3
2019/1/1 11:05,15.07501,061809091897_3
2019/1/1 11:12,16.71311,061809091897_3
2019/1/1 11:17,18.3731,061809091897_3
2019/1/1 11:19,19.80024,061809091897_3
2019/1/1 11:23,21.12827,061809091897_3
2019/1/1 15:27,0,061809091897_5
2019/1/1 15:30,1.32358,061809091897_5
2019/1/1 15:33,2.23103,061809091897_5
2019/1/1 15:39,2.83657,061809091897_5
2019/1/1 15:40,3.50861,061809091897_5
2019/1/1 15:43,4.18638,061809091897_5
2019/1/1 15:46,4.91402,061809091897_5
2019/1/1 15:47,5.72472,061809091897_5
2019/1/1 15:53,6.64341,061809091897_5
2019/1/1 15:54,7.05932,061809091897_5
2019/1/1 15:56,7.92201,061809091897_5
2019/1/1 15:58,9.30669,061809091897_5
2019/1/1 16:02,10.32271,061809091897_5
2019/1/1 16:07,11.79302,061809091897_5
2019/1/1 16:08,12.20109,061809091897_5
2019/1/1 16:11,12.95712,061809091897_5
2019/1/1 16:21,13.65437,061809091897_5
2019/1/1 16:39,14.32924,061809091897_5
2019/1/1 16:48,15.07501,061809091897_5
2019/1/1 16:57,16.71311,061809091897_5
2019/1/1 17:06,18.3731,061809091897_5
2019/1/1 17:10,19.80024,061809091897_5
2019/1/1 17:14,21.12827,061809091897_5
2019/1/1 22:11,0,061809091897_7
2019/1/1 22:14,1.32358,061809091897_7
2019/1/1 22:17,2.23103,061809091897_7
2019/1/1 22:20,2.83657,061809091897_7
2019/1/1 22:21,3.50861,061809091897_7
2019/1/1 22:24,4.18638,061809091897_7
2019/1/1 22:25,4.91402,061809091897_7
2019/1/1 22:26,5.72472,061809091897_7
2019/1/1 22:28,6.64341,061809091897_7
2019/1/1 22:29,7.05932,061809091897_7
2019/1/1 22:30,7.92201,061809091897_7
2019/1/1 22:33,9.30669,061809091897_7
2019/1/1 22:37,10.32271,061809091897_7
2019/1/1 22:40,11.79302,061809091897_7
2019/1/1 22:41,12.20109,061809091897_7
2019/1/1 22:43,12.95712,061809091897_7
2019/1/1 22:45,13.65437,061809091897_7
2019/1/1 22:47,14.32924,061809091897_7
2019/1/1 22:48,15.07501,061809091897_7
2019/1/1 22:53,16.71311,061809091897_7
2019/1/1 22:58,18.3731,061809091897_7
2019/1/1 23:02,19.80024,061809091897_7
2019/1/1 23:06,21.12827,061809091897_7
2019/1/1 8:18,0,870982826320_1
2019/1/1 8:21,1.32358,870982826320_1
2019/1/1 8:24,2.23103,870982826320_1
2019/1/1 8:26,2.83657,870982826320_1
2019/1/1 8:27,3.50861,870982826320_1
2019/1/1 8:29,4.18638,870982826320_1
2019/1/1 8:31,4.91402,870982826320_1
2019/1/1 8:35,5.72472,870982826320_1
2019/1/1 8:38,6.64341,870982826320_1
2019/1/1 8:40,7.05932,870982826320_1
2019/1/1 8:43,7.92201,870982826320_1
2019/1/1 8:47,9.30669,870982826320_1
2019/1/1 8:52,10.32271,870982826320_1
2019/1/1 8:56,11.79302,870982826320_1
2019/1/1 8:58,12.20109,870982826320_1
2019/1/1 9:00,12.95712,870982826320_1
2019/1/1 9:03,13.65437,870982826320_1
2019/1/1 9:06,14.32924,870982826320_1
2019/1/1 9:09,15.07501,870982826320_1
2019/1/1 9:15,16.71311,870982826320_1
2019/1/1 9:22,18.3731,870982826320_1
2019/1/1 9:26,19.80024,870982826320_1
2019/1/1 9:30,21.12827,870982826320_1
2019/1/1 11:41,0,870982826320_3
2019/1/1 11:43,1.32358,870982826320_3
2019/1/1 11:47,2.23103,870982826320_3
2019/1/1 11:51,2.83657,870982826320_3
2019/1/1 11:53,3.50861,870982826320_3
2019/1/1 11:55,4.18638,870982826320_3
2019/1/1 11:56,4.91402,870982826320_3
2019/1/1 11:59,5.72472,870982826320_3
2019/1/1 12:04,6.64341,870982826320_3
2019/1/1 12:05,7.05932,870982826320_3
2019/1/1 12:09,7.92201,870982826320_3
2019/1/1 12:13,9.30669,870982826320_3
2019/1/1 12:16,10.32271,870982826320_3
2019/1/1 12:21,11.79302,870982826320_3
2019/1/1 12:22,12.20109,870982826320_3
2019/1/1 12:23,12.95712,870982826320_3
2019/1/1 12:26,13.65437,870982826320_3
2019/1/1 12:28,14.32924,870982826320_3
2019/1/1 12:30,15.07501,870982826320_3
2019/1/1 12:35,16.71311,870982826320_3
2019/1/1 12:39,18.3731,870982826320_3
2019/1/1 12:43,19.80024,870982826320_3
2019/1/1 12:47,21.12827,870982826320_3
2019/1/1 15:57,0,870982826320_5
2019/1/1 16:00,1.32358,870982826320_5
2019/1/1 16:02,2.23103,870982826320_5
2019/1/1 16:05,2.83657,870982826320_5
2019/1/1 16:08,3.50861,870982826320_5
2019/1/1 16:11,4.18638,870982826320_5
2019/1/1 16:14,4.91402,870982826320_5
2019/1/1 16:16,5.72472,870982826320_5
2019/1/1 16:21,6.64341,870982826320_5
2019/1/1 16:24,7.05932,870982826320_5
2019/1/1 16:26,7.92201,870982826320_5
2019/1/1 16:30,9.30669,870982826320_5
2019/1/1 16:33,10.32271,870982826320_5
2019/1/1 16:39,11.79302,870982826320_5
2019/1/1 16:40,12.20109,870982826320_5
2019/1/1 16:43,12.95712,870982826320_5
2019/1/1 16:53,13.65437,870982826320_5
2019/1/1 17:16,14.32924,870982826320_5
2019/1/1 17:21,15.07501,870982826320_5
2019/1/1 17:33,16.71311,870982826320_5
2019/1/1 17:45,18.3731,870982826320_5
2019/1/1 17:54,19.80024,870982826320_5
2019/1/1 17:58,21.12827,870982826320_5
2019/1/1 19:59,0,870982826320_7
2019/1/1 20:02,1.32358,870982826320_7
2019/1/1 20:07,2.23103,870982826320_7
2019/1/1 20:12,2.83657,870982826320_7
2019/1/1 20:13,3.50861,870982826320_7
2019/1/1 20:15,4.18638,870982826320_7
2019/1/1 20:16,4.91402,870982826320_7
2019/1/1 20:19,5.72472,870982826320_7
2019/1/1 20:22,6.64341,870982826320_7
2019/1/1 20:23,7.05932,870982826320_7
2019/1/1 20:26,7.92201,870982826320_7
2019/1/1 20:30,9.30669,870982826320_7
2019/1/1 20:33,10.32271,870982826320_7
2019/1/1 20:37,11.79302,870982826320_7
2019/1/1 20:38,12.20109,870982826320_7
2019/1/1 20:41,12.95712,870982826320_7
2019/1/1 20:43,13.65437,870982826320_7
2019/1/1 20:45,14.32924,870982826320_7
2019/1/1 20:47,15.07501,870982826320_7
2019/1/1 20:52,16.71311,870982826320_7
2019/1/1 20:57,18.3731,870982826320_7
2019/1/1 21:01,19.80024,870982826320_7
2019/1/1 21:05,21.12827,870982826320_7
2019/1/1 21:23,0,870982826320_9
2019/1/1 21:27,1.32358,870982826320_9
2019/1/1 21:29,2.23103,870982826320_9
2019/1/1 21:33,2.83657,870982826320_9
2019/1/1 21:35,3.50861,870982826320_9
2019/1/1 21:37,4.18638,870982826320_9
2019/1/1 21:39,4.91402,870982826320_9
2019/1/1 21:42,5.72472,870982826320_9
2019/1/1 21:46,6.64341,870982826320_9
2019/1/1 21:48,7.05932,870982826320_9
2019/1/1 21:50,7.92201,870982826320_9
2019/1/1 21:53,9.30669,870982826320_9
2019/1/1 21:55,10.32271,870982826320_9
2019/1/1 21:59,11.79302,870982826320_9
2019/1/1 22:00,12.20109,870982826320_9
2019/1/1 22:02,12.95712,870982826320_9
2019/1/1 22:04,13.65437,870982826320_9
2019/1/1 22:06,14.32924,870982826320_9
2019/1/1 22:08,15.07501,870982826320_9
2019/1/1 22:13,16.71311,870982826320_9
2019/1/1 22:16,18.3731,870982826320_9
2019/1/1 22:18,19.80024,870982826320_9
2019/1/1 22:22,21.12827,870982826320_9
2019/1/1 5:21,0,061822765497_0
2019/1/1 5:23,1.32358,061822765497_0
2019/1/1 5:25,2.23103,061822765497_0
2019/1/1 5:28,2.83657,061822765497_0
2019/1/1 5:29,3.50861,061822765497_0
2019/1/1 5:33,4.18638,061822765497_0
2019/1/1 5:34,4.91402,061822765497_0
2019/1/1 5:36,5.72472,061822765497_0
2019/1/1 5:42,6.64341,061822765497_0
2019/1/1 5:43,7.05932,061822765497_0
2019/1/1 5:46,7.92201,061822765497_0
2019/1/1 5:50,9.30669,061822765497_0
2019/1/1 5:54,10.32271,061822765497_0
2019/1/1 5:58,11.79302,061822765497_0
2019/1/1 5:59,12.20109,061822765497_0
2019/1/1 6:01,12.95712,061822765497_0
2019/1/1 6:04,13.65437,061822765497_0
2019/1/1 6:06,14.32924,061822765497_0
2019/1/1 6:08,15.07501,061822765497_0
2019/1/1 6:13,16.71311,061822765497_0
2019/1/1 6:16,18.3731,061822765497_0
2019/1/1 6:20,19.80024,061822765497_0
2019/1/1 6:24,21.12827,061822765497_0
2019/1/1 8:42,0,061822765497_2
2019/1/1 8:45,1.32358,061822765497_2
2019/1/1 8:47,2.23103,061822765497_2
2019/1/1 8:49,2.83657,061822765497_2
2019/1/1 8:51,3.50861,061822765497_2
2019/1/1 8:53,4.18638,061822765497_2
2019/1/1 8:56,4.91402,061822765497_2
2019/1/1 8:58,5.72472,061822765497_2
2019/1/1 9:02,6.64341,061822765497_2
2019/1/1 9:04,7.05932,061822765497_2
2019/1/1 9:06,7.92201,061822765497_2
2019/1/1 9:10,9.30669,061822765497_2
2019/1/1 9:14,10.32271,061822765497_2
2019/1/1 9:19,11.79302,061822765497_2
2019/1/1 9:20,12.20109,061822765497_2
2019/1/1 9:23,12.95712,061822765497_2
2019/1/1 9:25,13.65437,061822765497_2
2019/1/1 9:29,14.32924,061822765497_2
2019/1/1 9:30,15.07501,061822765497_2
2019/1/1 9:34,16.71311,061822765497_2
2019/1/1 9:39,18.3731,061822765497_2
2019/1/1 9:42,19.80024,061822765497_2
2019/1/1 9:46,21.12827,061822765497_2
2019/1/1 12:15,0,061822765497_4
2019/1/1 12:17,1.32358,061822765497_4
2019/1/1 12:20,2.23103,061822765497_4
2019/1/1 12:25,2.83657,061822765497_4
2019/1/1 12:27,3.50861,061822765497_4
2019/1/1 12:29,4.18638,061822765497_4
2019/1/1 12:31,4.91402,061822765497_4
2019/1/1 12:33,5.72472,061822765497_4
2019/1/1 12:38,6.64341,061822765497_4
2019/1/1 12:39,7.05932,061822765497_4
2019/1/1 12:42,7.92201,061822765497_4
2019/1/1 12:45,9.30669,061822765497_4
2019/1/1 12:50,10.32271,061822765497_4
2019/1/1 12:53,11.79302,061822765497_4
2019/1/1 12:54,12.20109,061822765497_4
2019/1/1 12:57,12.95712,061822765497_4
2019/1/1 13:00,13.65437,061822765497_4
2019/1/1 13:04,14.32924,061822765497_4
2019/1/1 13:05,15.07501,061822765497_4
2019/1/1 13:09,16.71311,061822765497_4
2019/1/1 13:13,18.3731,061822765497_4
2019/1/1 13:18,19.80024,061822765497_4
2019/1/1 13:22,21.12827,061822765497_4
2019/1/1 16:37,0,061822765497_6
2019/1/1 16:40,1.32358,061822765497_6
2019/1/1 16:43,2.23103,061822765497_6
2019/1/1 16:46,2.83657,061822765497_6
2019/1/1 16:48,3.50861,061822765497_6
2019/1/1 16:51,4.18638,061822765497_6
2019/1/1 16:54,4.91402,061822765497_6
2019/1/1 16:58,5.72472,061822765497_6
2019/1/1 17:01,6.64341,061822765497_6
2019/1/1 17:02,7.05932,061822765497_6
2019/1/1 17:04,7.92201,061822765497_6
2019/1/1 17:07,9.30669,061822765497_6
2019/1/1 17:11,10.32271,061822765497_6
2019/1/1 17:15,11.79302,061822765497_6
2019/1/1 17:17,12.20109,061822765497_6
2019/1/1 17:20,12.95712,061822765497_6
2019/1/1 17:26,13.65437,061822765497_6
2019/1/1 17:32,14.32924,061822765497_6
2019/1/1 17:36,15.07501,061822765497_6
2019/1/1 17:43,16.71311,061822765497_6
2019/1/1 17:51,18.3731,061822765497_6
2019/1/1 18:00,19.80024,061822765497_6
2019/1/1 18:04,21.12827,061822765497_6
2019/1/1 20:16,0,061822765497_8
2019/1/1 20:18,1.32358,061822765497_8
2019/1/1 20:21,2.23103,061822765497_8
2019/1/1 20:22,2.83657,061822765497_8
2019/1/1 20:24,3.50861,061822765497_8
2019/1/1 20:27,4.18638,061822765497_8
2019/1/1 20:29,4.91402,061822765497_8
2019/1/1 20:31,5.72472,061822765497_8
2019/1/1 20:36,6.64341,061822765497_8
2019/1/1 20:37,7.05932,061822765497_8
2019/1/1 20:40,7.92201,061822765497_8
2019/1/1 20:42,9.30669,061822765497_8
2019/1/1 20:45,10.32271,061822765497_8
2019/1/1 20:50,11.79302,061822765497_8
2019/1/1 20:51,12.20109,061822765497_8
2019/1/1 20:53,12.95712,061822765497_8
2019/1/1 20:55,13.65437,061822765497_8
2019/1/1 20:58,14.32924,061822765497_8
2019/1/1 21:00,15.07501,061822765497_8
2019/1/1 21:05,16.71311,061822765497_8
2019/1/1 21:10,18.3731,061822765497_8
2019/1/1 21:14,19.80024,061822765497_8
2019/1/1 21:18,21.12827,061822765497_8
2019/1/1 6:31,0,742473732437_0
2019/1/1 6:35,1.32358,742473732437_0
2019/1/1 6:39,2.23103,742473732437_0
2019/1/1 6:44,2.83657,742473732437_0
2019/1/1 6:45,3.50861,742473732437_0
2019/1/1 6:47,4.18638,742473732437_0
2019/1/1 6:49,4.91402,742473732437_0
2019/1/1 6:51,5.72472,742473732437_0
2019/1/1 6:56,6.64341,742473732437_0
2019/1/1 6:58,7.05932,742473732437_0
2019/1/1 7:00,7.92201,742473732437_0
2019/1/1 7:02,9.30669,742473732437_0
2019/1/1 7:05,10.32271,742473732437_0
2019/1/1 7:11,11.79302,742473732437_0
2019/1/1 7:13,12.20109,742473732437_0
2019/1/1 7:14,12.95712,742473732437_0
2019/1/1 7:16,13.65437,742473732437_0
2019/1/1 7:18,14.32924,742473732437_0
2019/1/1 7:20,15.07501,742473732437_0
2019/1/1 7:24,16.71311,742473732437_0
2019/1/1 7:27,18.3731,742473732437_0
2019/1/1 7:30,19.80024,742473732437_0
2019/1/1 7:34,21.12827,742473732437_0
2019/1/1 9:47,0,742473732437_2
2019/1/1 9:49,1.32358,742473732437_2
2019/1/1 9:53,2.23103,742473732437_2
2019/1/1 9:59,2.83657,742473732437_2
2019/1/1 10:01,3.50861,742473732437_2
2019/1/1 10:03,4.18638,742473732437_2
2019/1/1 10:06,4.91402,742473732437_2
2019/1/1 10:10,5.72472,742473732437_2
2019/1/1 10:16,6.64341,742473732437_2
2019/1/1 10:18,7.05932,742473732437_2
2019/1/1 10:21,7.92201,742473732437_2
2019/1/1 10:24,9.30669,742473732437_2
2019/1/1 10:29,10.32271,742473732437_2
2019/1/1 10:35,11.79302,742473732437_2
2019/1/1 10:37,12.20109,742473732437_2
2019/1/1 10:39,12.95712,742473732437_2
2019/1/1 10:42,13.65437,742473732437_2
2019/1/1 10:51,14.32924,742473732437_2
2019/1/1 10:52,15.07501,742473732437_2
2019/1/1 10:58,16.71311,742473732437_2
2019/1/1 11:02,18.3731,742473732437_2
2019/1/1 11:07,19.80024,742473732437_2
2019/1/1 11:11,21.12827,742473732437_2
2019/1/1 14:30,0,742473732437_4
2019/1/1 14:33,1.32358,742473732437_4
2019/1/1 14:35,2.23103,742473732437_4
2019/1/1 14:42,2.83657,742473732437_4
2019/1/1 14:43,3.50861,742473732437_4
2019/1/1 14:45,4.18638,742473732437_4
2019/1/1 14:46,4.91402,742473732437_4
2019/1/1 14:48,5.72472,742473732437_4
2019/1/1 14:52,6.64341,742473732437_4
2019/1/1 14:53,7.05932,742473732437_4
2019/1/1 14:55,7.92201,742473732437_4
2019/1/1 14:58,9.30669,742473732437_4
2019/1/1 15:04,10.32271,742473732437_4
2019/1/1 15:09,11.79302,742473732437_4
2019/1/1 15:12,12.20109,742473732437_4
2019/1/1 15:16,12.95712,742473732437_4
2019/1/1 15:24,13.65437,742473732437_4
2019/1/1 15:32,14.32924,742473732437_4
2019/1/1 15:36,15.07501,742473732437_4
2019/1/1 15:45,16.71311,742473732437_4
2019/1/1 15:49,18.3731,742473732437_4
2019/1/1 15:54,19.80024,742473732437_4
2019/1/1 15:58,21.12827,742473732437_4
2019/1/1 18:29,0,742473732437_6
2019/1/1 18:31,1.32358,742473732437_6
2019/1/1 18:33,2.23103,742473732437_6
2019/1/1 18:36,2.83657,742473732437_6
2019/1/1 18:38,3.50861,742473732437_6
2019/1/1 18:41,4.18638,742473732437_6
2019/1/1 18:45,4.91402,742473732437_6
2019/1/1 18:49,5.72472,742473732437_6
2019/1/1 18:52,6.64341,742473732437_6
2019/1/1 18:54,7.05932,742473732437_6
2019/1/1 18:55,7.92201,742473732437_6
2019/1/1 18:58,9.30669,742473732437_6
2019/1/1 19:01,10.32271,742473732437_6
2019/1/1 19:07,11.79302,742473732437_6
2019/1/1 19:08,12.20109,742473732437_6
2019/1/1 19:10,12.95712,742473732437_6
2019/1/1 19:12,13.65437,742473732437_6
2019/1/1 19:14,14.32924,742473732437_6
2019/1/1 19:16,15.07501,742473732437_6
2019/1/1 19:23,16.71311,742473732437_6
2019/1/1 19:30,18.3731,742473732437_6
2019/1/1 19:33,19.80024,742473732437_6
2019/1/1 19:37,21.12827,742473732437_6
,,
,,
,,
,,
,,
,,
,,
,,
,,
,,
,,
,,
,,
,,
,,
,,
,,
,,
,,
,,
,,
,,
2019/1/1 6:41,21.12827,418041415913_0
2019/1/1 8:24,0,418041415913_2
2019/1/1 8:28,1.32358,418041415913_2
2019/1/1 8:31,2.23103,418041415913_2
2019/1/1 8:33,2.83657,418041415913_2
2019/1/1 8:35,3.50861,418041415913_2
2019/1/1 8:38,4.18638,418041415913_2
2019/1/1 8:40,4.91402,418041415913_2
2019/1/1 8:44,5.72472,418041415913_2
2019/1/1 8:47,6.64341,418041415913_2
2019/1/1 8:48,7.05932,418041415913_2
2019/1/1 8:50,7.92201,418041415913_2
2019/1/1 8:53,9.30669,418041415913_2
2019/1/1 8:57,10.32271,418041415913_2
2019/1/1 9:02,11.79302,418041415913_2
2019/1/1 9:03,12.20109,418041415913_2
2019/1/1 9:05,12.95712,418041415913_2
2019/1/1 9:07,13.65437,418041415913_2
2019/1/1 9:10,14.32924,418041415913_2
2019/1/1 9:11,15.07501,418041415913_2
2019/1/1 9:17,16.71311,418041415913_2
2019/1/1 9:22,18.3731,418041415913_2
2019/1/1 9:27,19.80024,418041415913_2
2019/1/1 9:30,21.12827,418041415913_2
2019/1/1 11:34,0,418041415913_4
2019/1/1 11:37,1.32358,418041415913_4
2019/1/1 11:40,2.23103,418041415913_4
2019/1/1 11:44,2.83657,418041415913_4
2019/1/1 11:46,3.50861,418041415913_4
2019/1/1 11:47,4.18638,418041415913_4
2019/1/1 11:51,4.91402,418041415913_4
2019/1/1 11:54,5.72472,418041415913_4
2019/1/1 11:58,6.64341,418041415913_4
2019/1/1 11:59,7.05932,418041415913_4
2019/1/1 12:02,7.92201,418041415913_4
2019/1/1 12:05,9.30669,418041415913_4
2019/1/1 12:10,10.32271,418041415913_4
2019/1/1 12:15,11.79302,418041415913_4
2019/1/1 12:17,12.20109,418041415913_4
2019/1/1 12:19,12.95712,418041415913_4
2019/1/1 12:22,13.65437,418041415913_4
2019/1/1 12:24,14.32924,418041415913_4
2019/1/1 12:25,15.07501,418041415913_4
2019/1/1 12:30,16.71311,418041415913_4
2019/1/1 12:35,18.3731,418041415913_4
2019/1/1 12:40,19.80024,418041415913_4
2019/1/1 12:44,21.12827,418041415913_4
2019/1/1 16:05,0,418041415913_6
2019/1/1 16:09,1.32358,418041415913_6
2019/1/1 16:12,2.23103,418041415913_6
2019/1/1 16:15,2.83657,418041415913_6
2019/1/1 16:17,3.50861,418041415913_6
2019/1/1 16:19,4.18638,418041415913_6
2019/1/1 16:22,4.91402,418041415913_6
2019/1/1 16:24,5.72472,418041415913_6
2019/1/1 16:28,6.64341,418041415913_6
2019/1/1 16:29,7.05932,418041415913_6
2019/1/1 16:33,7.92201,418041415913_6
2019/1/1 16:36,9.30669,418041415913_6
2019/1/1 16:39,10.32271,418041415913_6
2019/1/1 16:45,11.79302,418041415913_6
2019/1/1 16:47,12.20109,418041415913_6
2019/1/1 16:49,12.95712,418041415913_6
2019/1/1 16:59,13.65437,418041415913_6
2019/1/1 17:17,14.32924,418041415913_6
2019/1/1 17:20,15.07501,418041415913_6
2019/1/1 17:30,16.71311,418041415913_6
2019/1/1 17:40,18.3731,418041415913_6
2019/1/1 17:46,19.80024,418041415913_6
2019/1/1 17:50,21.12827,418041415913_6
2019/1/1 19:49,0,418041415913_8
2019/1/1 19:52,1.32358,418041415913_8
2019/1/1 19:54,2.23103,418041415913_8
2019/1/1 19:57,2.83657,418041415913_8
2019/1/1 19:59,3.50861,418041415913_8
2019/1/1 20:00,4.18638,418041415913_8
2019/1/1 20:01,4.91402,418041415913_8
2019/1/1 20:03,5.72472,418041415913_8
2019/1/1 20:08,6.64341,418041415913_8
2019/1/1 20:09,7.05932,418041415913_8
2019/1/1 20:13,7.92201,418041415913_8
2019/1/1 20:15,9.30669,418041415913_8
2019/1/1 20:20,10.32271,418041415913_8
2019/1/1 20:24,11.79302,418041415913_8
2019/1/1 20:26,12.20109,418041415913_8
2019/1/1 20:27,12.95712,418041415913_8
2019/1/1 20:29,13.65437,418041415913_8
2019/1/1 20:31,14.32924,418041415913_8
2019/1/1 20:33,15.07501,418041415913_8
2019/1/1 20:38,16.71311,418041415913_8
2019/1/1 20:43,18.3731,418041415913_8
2019/1/1 20:48,19.80024,418041415913_8
2019/1/1 20:52,21.12827,418041415913_8
2019/1/1 22:47,0,418041415913_10
2019/1/1 22:49,1.32358,418041415913_10
2019/1/1 22:50,2.23103,418041415913_10
2019/1/1 22:53,2.83657,418041415913_10
2019/1/1 22:55,3.50861,418041415913_10
2019/1/1 22:56,4.18638,418041415913_10
2019/1/1 22:57,4.91402,418041415913_10
2019/1/1 23:00,5.72472,418041415913_10
2019/1/1 23:03,6.64341,418041415913_10
2019/1/1 23:04,7.05932,418041415913_10
2019/1/1 23:06,7.92201,418041415913_10
2019/1/1 23:08,9.30669,418041415913_10
2019/1/1 23:11,10.32271,418041415913_10
2019/1/1 23:16,11.79302,418041415913_10
2019/1/1 23:17,12.20109,418041415913_10
2019/1/1 23:18,12.95712,418041415913_10
2019/1/1 23:20,13.65437,418041415913_10
2019/1/1 23:21,14.32924,418041415913_10
2019/1/1 23:23,15.07501,418041415913_10
2019/1/1 23:28,16.71311,418041415913_10
2019/1/1 23:32,18.3731,418041415913_10
2019/1/1 23:35,19.80024,418041415913_10
2019/1/1 23:39,21.12827,418041415913_10
2019/1/1 9:08,0,154610104603_0
2019/1/1 9:11,1.32358,154610104603_0
2019/1/1 9:15,2.23103,154610104603_0
2019/1/1 9:20,2.83657,154610104603_0
2019/1/1 9:21,3.50861,154610104603_0
2019/1/1 9:24,4.18638,154610104603_0
2019/1/1 9:27,4.91402,154610104603_0
2019/1/1 9:30,5.72472,154610104603_0
2019/1/1 9:34,6.64341,154610104603_0
2019/1/1 9:35,7.05932,154610104603_0
2019/1/1 9:37,7.92201,154610104603_0
2019/1/1 9:39,9.30669,154610104603_0
2019/1/1 9:42,10.32271,154610104603_0
2019/1/1 9:47,11.79302,154610104603_0
2019/1/1 9:48,12.20109,154610104603_0
2019/1/1 9:50,12.95712,154610104603_0
2019/1/1 9:51,13.65437,154610104603_0
2019/1/1 9:54,14.32924,154610104603_0
2019/1/1 9:55,15.07501,154610104603_0
2019/1/1 10:01,16.71311,154610104603_0
2019/1/1 10:07,18.3731,154610104603_0
2019/1/1 10:11,19.80024,154610104603_0
2019/1/1 10:15,21.12827,154610104603_0
2019/1/1 13:00,0,154610104603_2
2019/1/1 13:03,1.32358,154610104603_2
2019/1/1 13:07,2.23103,154610104603_2
2019/1/1 13:11,2.83657,154610104603_2
2019/1/1 13:13,3.50861,154610104603_2
2019/1/1 13:15,4.18638,154610104603_2
2019/1/1 13:18,4.91402,154610104603_2
2019/1/1 13:20,5.72472,154610104603_2
2019/1/1 13:25,6.64341,154610104603_2
2019/1/1 13:27,7.05932,154610104603_2
2019/1/1 13:30,7.92201,154610104603_2
2019/1/1 13:32,9.30669,154610104603_2
2019/1/1 13:37,10.32271,154610104603_2
2019/1/1 13:43,11.79302,154610104603_2
2019/1/1 13:44,12.20109,154610104603_2
2019/1/1 13:46,12.95712,154610104603_2
2019/1/1 13:48,13.65437,154610104603_2
2019/1/1 14:03,14.32924,154610104603_2
2019/1/1 14:04,15.07501,154610104603_2
2019/1/1 14:09,16.71311,154610104603_2
2019/1/1 14:14,18.3731,154610104603_2
2019/1/1 14:19,19.80024,154610104603_2
2019/1/1 14:23,21.12827,154610104603_2
2019/1/1 17:48,0,154610104603_4
2019/1/1 17:50,1.32358,154610104603_4
2019/1/1 17:52,2.23103,154610104603_4
2019/1/1 17:59,2.83657,154610104603_4
2019/1/1 18:00,3.50861,154610104603_4
2019/1/1 18:03,4.18638,154610104603_4
2019/1/1 18:04,4.91402,154610104603_4
2019/1/1 18:06,5.72472,154610104603_4
2019/1/1 18:11,6.64341,154610104603_4
2019/1/1 18:12,7.05932,154610104603_4
2019/1/1 18:14,7.92201,154610104603_4
2019/1/1 18:17,9.30669,154610104603_4
2019/1/1 18:21,10.32271,154610104603_4
2019/1/1 18:27,11.79302,154610104603_4
2019/1/1 18:28,12.20109,154610104603_4
2019/1/1 18:30,12.95712,154610104603_4
2019/1/1 18:35,13.65437,154610104603_4
2019/1/1 18:37,14.32924,154610104603_4
2019/1/1 18:40,15.07501,154610104603_4
2019/1/1 18:48,16.71311,154610104603_4
2019/1/1 18:52,18.3731,154610104603_4
2019/1/1 18:55,19.80024,154610104603_4
2019/1/1 18:59,21.12827,154610104603_4
2019/1/1 20:55,0,154610104603_6
2019/1/1 20:58,1.32358,154610104603_6
2019/1/1 21:00,2.23103,154610104603_6
2019/1/1 21:02,2.83657,154610104603_6
2019/1/1 21:04,3.50861,154610104603_6
2019/1/1 21:05,4.18638,154610104603_6
2019/1/1 21:07,4.91402,154610104603_6
2019/1/1 21:08,5.72472,154610104603_6
2019/1/1 21:10,6.64341,154610104603_6
2019/1/1 21:12,7.05932,154610104603_6
2019/1/1 21:14,7.92201,154610104603_6
2019/1/1 21:17,9.30669,154610104603_6
2019/1/1 21:21,10.32271,154610104603_6
2019/1/1 21:25,11.79302,154610104603_6
2019/1/1 21:27,12.20109,154610104603_6
2019/1/1 21:29,12.95712,154610104603_6
2019/1/1 21:31,13.65437,154610104603_6
2019/1/1 21:33,14.32924,154610104603_6
2019/1/1 21:34,15.07501,154610104603_6
2019/1/1 21:40,16.71311,154610104603_6
2019/1/1 21:45,18.3731,154610104603_6
2019/1/1 21:50,19.80024,154610104603_6
2019/1/1 21:54,21.12827,154610104603_6
2019/1/1 17:11,0,825582826329_0
2019/1/1 17:15,1.32358,825582826329_0
2019/1/1 17:19,2.23103,825582826329_0
2019/1/1 17:23,2.83657,825582826329_0
2019/1/1 17:24,3.50861,825582826329_0
2019/1/1 17:27,4.18638,825582826329_0
2019/1/1 17:29,4.91402,825582826329_0
2019/1/1 17:32,5.72472,825582826329_0
2019/1/1 17:35,6.64341,825582826329_0
2019/1/1 17:37,7.05932,825582826329_0
2019/1/1 17:40,7.92201,825582826329_0
2019/1/1 17:43,9.30669,825582826329_0
2019/1/1 17:47,10.32271,825582826329_0
2019/1/1 17:53,11.79302,825582826329_0
2019/1/1 17:54,12.20109,825582826329_0
2019/1/1 17:56,12.95712,825582826329_0
2019/1/1 18:02,13.65437,825582826329_0
2019/1/1 18:05,14.32924,825582826329_0
2019/1/1 18:08,15.07501,825582826329_0
2019/1/1 18:18,16.71311,825582826329_0
2019/1/1 18:24,18.3731,825582826329_0
2019/1/1 18:28,19.80024,825582826329_0
2019/1/1 18:32,21.12827,825582826329_0
2019/1/1 7:20,0,208527278570_1
2019/1/1 7:23,1.32358,208527278570_1
2019/1/1 7:27,2.23103,208527278570_1
2019/1/1 7:30,2.83657,208527278570_1
2019/1/1 7:33,3.50861,208527278570_1
2019/1/1 7:35,4.18638,208527278570_1
2019/1/1 7:37,4.91402,208527278570_1
2019/1/1 7:40,5.72472,208527278570_1
2019/1/1 7:43,6.64341,208527278570_1
2019/1/1 7:45,7.05932,208527278570_1
2019/1/1 7:47,7.92201,208527278570_1
2019/1/1 7:50,9.30669,208527278570_1
2019/1/1 7:54,10.32271,208527278570_1
2019/1/1 7:59,11.79302,208527278570_1
2019/1/1 8:00,12.20109,208527278570_1
2019/1/1 8:01,12.95712,208527278570_1
2019/1/1 8:03,13.65437,208527278570_1
2019/1/1 8:05,14.32924,208527278570_1
2019/1/1 8:07,15.07501,208527278570_1
2019/1/1 8:12,16.71311,208527278570_1
2019/1/1 8:18,18.3731,208527278570_1
2019/1/1 8:20,19.80024,208527278570_1
2019/1/1 8:24,21.12827,208527278570_1
2019/1/1 10:18,0,208527278570_3
2019/1/1 10:21,1.32358,208527278570_3
2019/1/1 10:24,2.23103,208527278570_3
2019/1/1 10:26,2.83657,208527278570_3
2019/1/1 10:28,3.50861,208527278570_3
2019/1/1 10:30,4.18638,208527278570_3
2019/1/1 10:32,4.91402,208527278570_3
2019/1/1 10:36,5.72472,208527278570_3
2019/1/1 10:40,6.64341,208527278570_3
2019/1/1 10:41,7.05932,208527278570_3
2019/1/1 10:44,7.92201,208527278570_3
2019/1/1 10:47,9.30669,208527278570_3
2019/1/1 10:52,10.32271,208527278570_3
2019/1/1 10:57,11.79302,208527278570_3
2019/1/1 10:59,12.20109,208527278570_3
2019/1/1 11:02,12.95712,208527278570_3
2019/1/1 11:03,13.65437,208527278570_3
2019/1/1 11:06,14.32924,208527278570_3
2019/1/1 11:08,15.07501,208527278570_3
2019/1/1 11:14,16.71311,208527278570_3
2019/1/1 11:17,18.3731,208527278570_3
2019/1/1 11:21,19.80024,208527278570_3
2019/1/1 11:25,21.12827,208527278570_3
2019/1/1 14:19,0,208527278570_5
2019/1/1 14:21,1.32358,208527278570_5
2019/1/1 14:23,2.23103,208527278570_5
2019/1/1 14:26,2.83657,208527278570_5
2019/1/1 14:28,3.50861,208527278570_5
2019/1/1 14:30,4.18638,208527278570_5
2019/1/1 14:33,4.91402,208527278570_5
2019/1/1 14:36,5.72472,208527278570_5
2019/1/1 14:38,6.64341,208527278570_5
2019/1/1 14:39,7.05932,208527278570_5
2019/1/1 14:41,7.92201,208527278570_5
2019/1/1 14:44,9.30669,208527278570_5
2019/1/1 14:47,10.32271,208527278570_5
2019/1/1 14:53,11.79302,208527278570_5
2019/1/1 14:54,12.20109,208527278570_5
2019/1/1 14:57,12.95712,208527278570_5
2019/1/1 15:09,13.65437,208527278570_5
2019/1/1 15:22,14.32924,208527278570_5
2019/1/1 15:24,15.07501,208527278570_5
2019/1/1 15:29,16.71311,208527278570_5
2019/1/1 15:34,18.3731,208527278570_5
2019/1/1 15:36,19.80024,208527278570_5
2019/1/1 15:40,21.12827,208527278570_5
2019/1/1 18:15,0,208527278570_7
2019/1/1 18:18,1.32358,208527278570_7
2019/1/1 18:20,2.23103,208527278570_7
2019/1/1 18:24,2.83657,208527278570_7
2019/1/1 18:25,3.50861,208527278570_7
2019/1/1 18:27,4.18638,208527278570_7
2019/1/1 18:29,4.91402,208527278570_7
2019/1/1 18:31,5.72472,208527278570_7
2019/1/1 18:36,6.64341,208527278570_7
2019/1/1 18:37,7.05932,208527278570_7
2019/1/1 18:41,7.92201,208527278570_7
2019/1/1 18:44,9.30669,208527278570_7
2019/1/1 18:47,10.32271,208527278570_7
2019/1/1 18:51,11.79302,208527278570_7
2019/1/1 18:52,12.20109,208527278570_7
2019/1/1 18:54,12.95712,208527278570_7
2019/1/1 18:57,13.65437,208527278570_7
2019/1/1 19:00,14.32924,208527278570_7
2019/1/1 19:02,15.07501,208527278570_7
2019/1/1 19:06,16.71311,208527278570_7
2019/1/1 19:11,18.3731,208527278570_7
2019/1/1 19:16,19.80024,208527278570_7
2019/1/1 19:20,21.12827,208527278570_7
2019/1/1 21:10,0,208527278570_9
2019/1/1 21:13,1.32358,208527278570_9
2019/1/1 21:17,2.23103,208527278570_9
2019/1/1 21:19,2.83657,208527278570_9
2019/1/1 21:20,3.50861,208527278570_9
2019/1/1 21:23,4.18638,208527278570_9
2019/1/1 21:26,4.91402,208527278570_9
2019/1/1 21:29,5.72472,208527278570_9
2019/1/1 21:32,6.64341,208527278570_9
2019/1/1 21:33,7.05932,208527278570_9
2019/1/1 21:36,7.92201,208527278570_9
2019/1/1 21:39,9.30669,208527278570_9
2019/1/1 21:43,10.32271,208527278570_9
2019/1/1 21:48,11.79302,208527278570_9
2019/1/1 21:50,12.20109,208527278570_9
2019/1/1 21:52,12.95712,208527278570_9
2019/1/1 21:54,13.65437,208527278570_9
2019/1/1 21:56,14.32924,208527278570_9
2019/1/1 21:58,15.07501,208527278570_9
2019/1/1 22:03,16.71311,208527278570_9
2019/1/1 22:09,18.3731,208527278570_9
2019/1/1 22:11,19.80024,208527278570_9
2019/1/1 22:15,21.12827,208527278570_9
2019/1/1 12:05,0,544275454307_0
2019/1/1 12:09,1.32358,544275454307_0
2019/1/1 12:13,2.23103,544275454307_0
2019/1/1 12:18,2.83657,544275454307_0
2019/1/1 12:20,3.50861,544275454307_0
2019/1/1 12:23,4.18638,544275454307_0
2019/1/1 12:26,4.91402,544275454307_0
2019/1/1 12:28,5.72472,544275454307_0
2019/1/1 12:31,6.64341,544275454307_0
2019/1/1 12:33,7.05932,544275454307_0
2019/1/1 12:36,7.92201,544275454307_0
2019/1/1 12:38,9.30669,544275454307_0
2019/1/1 12:44,10.32271,544275454307_0
2019/1/1 12:48,11.79302,544275454307_0
2019/1/1 12:50,12.20109,544275454307_0
2019/1/1 12:52,12.95712,544275454307_0
2019/1/1 12:54,13.65437,544275454307_0
2019/1/1 12:58,14.32924,544275454307_0
2019/1/1 13:00,15.07501,544275454307_0
2019/1/1 13:04,16.71311,544275454307_0
2019/1/1 13:09,18.3731,544275454307_0
2019/1/1 13:14,19.80024,544275454307_0
2019/1/1 13:18,21.12827,544275454307_0
2019/1/1 16:44,0,544275454307_2
2019/1/1 16:46,1.32358,544275454307_2
2019/1/1 16:51,2.23103,544275454307_2
2019/1/1 16:56,2.83657,544275454307_2
2019/1/1 16:58,3.50861,544275454307_2
2019/1/1 17:01,4.18638,544275454307_2
2019/1/1 17:04,4.91402,544275454307_2
2019/1/1 17:07,5.72472,544275454307_2
2019/1/1 17:10,6.64341,544275454307_2
2019/1/1 17:11,7.05932,544275454307_2
2019/1/1 17:14,7.92201,544275454307_2
2019/1/1 17:17,9.30669,544275454307_2
2019/1/1 17:21,10.32271,544275454307_2
2019/1/1 17:27,11.79302,544275454307_2
2019/1/1 17:28,12.20109,544275454307_2
2019/1/1 17:29,12.95712,544275454307_2
2019/1/1 17:38,13.65437,544275454307_2
2019/1/1 17:42,14.32924,544275454307_2
2019/1/1 17:46,15.07501,544275454307_2
2019/1/1 17:51,16.71311,544275454307_2
2019/1/1 17:57,18.3731,544275454307_2
2019/1/1 18:09,19.80024,544275454307_2
2019/1/1 18:13,21.12827,544275454307_2
2019/1/1 8:00,0,960296960261_1
2019/1/1 8:04,1.32358,960296960261_1
2019/1/1 8:06,2.23103,960296960261_1
2019/1/1 8:08,2.83657,960296960261_1
2019/1/1 8:09,3.50861,960296960261_1
2019/1/1 8:13,4.18638,960296960261_1
2019/1/1 8:15,4.91402,960296960261_1
2019/1/1 8:17,5.72472,960296960261_1
2019/1/1 8:20,6.64341,960296960261_1
2019/1/1 8:21,7.05932,960296960261_1
2019/1/1 8:23,7.92201,960296960261_1
2019/1/1 8:26,9.30669,960296960261_1
2019/1/1 8:29,10.32271,960296960261_1
2019/1/1 8:34,11.79302,960296960261_1
2019/1/1 8:36,12.20109,960296960261_1
2019/1/1 8:39,12.95712,960296960261_1
2019/1/1 8:41,13.65437,960296960261_1
2019/1/1 8:44,14.32924,960296960261_1
2019/1/1 8:46,15.07501,960296960261_1
2019/1/1 8:52,16.71311,960296960261_1
2019/1/1 8:58,18.3731,960296960261_1
2019/1/1 9:03,19.80024,960296960261_1
2019/1/1 9:07,21.12827,960296960261_1
2019/1/1 11:11,0,960296960261_3
2019/1/1 11:14,1.32358,960296960261_3
2019/1/1 11:17,2.23103,960296960261_3
2019/1/1 11:19,2.83657,960296960261_3
2019/1/1 11:21,3.50861,960296960261_3
2019/1/1 11:23,4.18638,960296960261_3
2019/1/1 11:26,4.91402,960296960261_3
2019/1/1 11:28,5.72472,960296960261_3
2019/1/1 11:33,6.64341,960296960261_3
2019/1/1 11:34,7.05932,960296960261_3
2019/1/1 11:38,7.92201,960296960261_3
2019/1/1 11:41,9.30669,960296960261_3
2019/1/1 11:45,10.32271,960296960261_3
2019/1/1 11:49,11.79302,960296960261_3
2019/1/1 11:51,12.20109,960296960261_3
2019/1/1 11:53,12.95712,960296960261_3
2019/1/1 11:55,13.65437,960296960261_3
2019/1/1 12:00,14.32924,960296960261_3
2019/1/1 12:02,15.07501,960296960261_3
2019/1/1 12:07,16.71311,960296960261_3
2019/1/1 12:12,18.3731,960296960261_3
2019/1/1 12:16,19.80024,960296960261_3
2019/1/1 12:20,21.12827,960296960261_3
2019/1/1 15:40,0,960296960261_5
2019/1/1 15:44,1.32358,960296960261_5
2019/1/1 15:47,2.23103,960296960261_5
2019/1/1 15:49,2.83657,960296960261_5
2019/1/1 15:51,3.50861,960296960261_5
2019/1/1 15:55,4.18638,960296960261_5
2019/1/1 15:56,4.91402,960296960261_5
2019/1/1 15:59,5.72472,960296960261_5
2019/1/1 16:04,6.64341,960296960261_5
2019/1/1 16:06,7.05932,960296960261_5
2019/1/1 16:09,7.92201,960296960261_5
2019/1/1 16:11,9.30669,960296960261_5
2019/1/1 16:15,10.32271,960296960261_5
2019/1/1 16:19,11.79302,960296960261_5
2019/1/1 16:21,12.20109,960296960261_5
2019/1/1 16:26,12.95712,960296960261_5
2019/1/1 16:32,13.65437,960296960261_5
2019/1/1 16:48,14.32924,960296960261_5
2019/1/1 16:50,15.07501,960296960261_5
2019/1/1 16:55,16.71311,960296960261_5
2019/1/1 17:00,18.3731,960296960261_5
2019/1/1 17:04,19.80024,960296960261_5
2019/1/1 17:08,21.12827,960296960261_5
2019/1/1 20:12,0,960296960261_7
2019/1/1 20:15,1.32358,960296960261_7
2019/1/1 20:18,2.23103,960296960261_7
2019/1/1 20:19,2.83657,960296960261_7
2019/1/1 20:20,3.50861,960296960261_7
2019/1/1 20:23,4.18638,960296960261_7
2019/1/1 20:26,4.91402,960296960261_7
2019/1/1 20:28,5.72472,960296960261_7
2019/1/1 20:31,6.64341,960296960261_7
2019/1/1 20:32,7.05932,960296960261_7
2019/1/1 20:36,7.92201,960296960261_7
2019/1/1 20:39,9.30669,960296960261_7
2019/1/1 20:42,10.32271,960296960261_7
2019/1/1 20:47,11.79302,960296960261_7
2019/1/1 20:48,12.20109,960296960261_7
2019/1/1 20:50,12.95712,960296960261_7
2019/1/1 20:52,13.65437,960296960261_7
2019/1/1 20:55,14.32924,960296960261_7
2019/1/1 20:57,15.07501,960296960261_7
2019/1/1 21:03,16.71311,960296960261_7
2019/1/1 21:10,18.3731,960296960261_7
2019/1/1 21:14,19.80024,960296960261_7
2019/1/1 21:18,21.12827,960296960261_7
2019/1/1 6:15,0,836382826326_1
2019/1/1 6:18,1.32358,836382826326_1
2019/1/1 6:21,2.23103,836382826326_1
2019/1/1 6:23,2.83657,836382826326_1
2019/1/1 6:25,3.50861,836382826326_1
2019/1/1 6:27,4.18638,836382826326_1
2019/1/1 6:29,4.91402,836382826326_1
2019/1/1 6:31,5.72472,836382826326_1
2019/1/1 6:35,6.64341,836382826326_1
2019/1/1 6:36,7.05932,836382826326_1
2019/1/1 6:40,7.92201,836382826326_1
2019/1/1 6:43,9.30669,836382826326_1
2019/1/1 6:47,10.32271,836382826326_1
2019/1/1 6:49,11.79302,836382826326_1
2019/1/1 6:51,12.20109,836382826326_1
2019/1/1 6:53,12.95712,836382826326_1
2019/1/1 6:54,13.65437,836382826326_1
2019/1/1 6:56,14.32924,836382826326_1
2019/1/1 6:57,15.07501,836382826326_1
2019/1/1 7:02,16.71311,836382826326_1
2019/1/1 7:07,18.3731,836382826326_1
2019/1/1 7:10,19.80024,836382826326_1
2019/1/1 7:14,21.12827,836382826326_1
2019/1/1 9:21,0,836382826326_3
2019/1/1 9:25,1.32358,836382826326_3
2019/1/1 9:29,2.23103,836382826326_3
2019/1/1 9:32,2.83657,836382826326_3
2019/1/1 9:34,3.50861,836382826326_3
2019/1/1 9:36,4.18638,836382826326_3
2019/1/1 9:38,4.91402,836382826326_3
2019/1/1 9:41,5.72472,836382826326_3
2019/1/1 9:45,6.64341,836382826326_3
2019/1/1 9:46,7.05932,836382826326_3
2019/1/1 9:50,7.92201,836382826326_3
2019/1/1 9:53,9.30669,836382826326_3
2019/1/1 9:56,10.32271,836382826326_3
2019/1/1 10:00,11.79302,836382826326_3
2019/1/1 10:02,12.20109,836382826326_3
2019/1/1 10:04,12.95712,836382826326_3
2019/1/1 10:06,13.65437,836382826326_3
2019/1/1 10:11,14.32924,836382826326_3
2019/1/1 10:13,15.07501,836382826326_3
2019/1/1 10:18,16.71311,836382826326_3
2019/1/1 10:23,18.3731,836382826326_3
2019/1/1 10:27,19.80024,836382826326_3
2019/1/1 10:31,21.12827,836382826326_3
2019/1/1 12:48,0,836382826326_5
2019/1/1 12:50,1.32358,836382826326_5
2019/1/1 12:53,2.23103,836382826326_5
2019/1/1 12:56,2.83657,836382826326_5
2019/1/1 12:58,3.50861,836382826326_5
2019/1/1 13:01,4.18638,836382826326_5
2019/1/1 13:03,4.91402,836382826326_5
2019/1/1 13:05,5.72472,836382826326_5
2019/1/1 13:09,6.64341,836382826326_5
2019/1/1 13:10,7.05932,836382826326_5
2019/1/1 13:13,7.92201,836382826326_5
2019/1/1 13:15,9.30669,836382826326_5
2019/1/1 13:18,10.32271,836382826326_5
2019/1/1 13:23,11.79302,836382826326_5
2019/1/1 13:24,12.20109,836382826326_5
2019/1/1 13:26,12.95712,836382826326_5
2019/1/1 13:28,13.65437,836382826326_5
2019/1/1 13:33,14.32924,836382826326_5
2019/1/1 13:34,15.07501,836382826326_5
2019/1/1 13:39,16.71311,836382826326_5
2019/1/1 13:44,18.3731,836382826326_5
2019/1/1 13:50,19.80024,836382826326_5
2019/1/1 13:53,21.12827,836382826326_5
2019/1/1 17:01,0,836382826326_7
2019/1/1 17:04,1.32358,836382826326_7
2019/1/1 17:09,2.23103,836382826326_7
2019/1/1 17:12,2.83657,836382826326_7
2019/1/1 17:14,3.50861,836382826326_7
2019/1/1 17:16,4.18638,836382826326_7
2019/1/1 17:20,4.91402,836382826326_7
2019/1/1 17:22,5.72472,836382826326_7
2019/1/1 17:28,6.64341,836382826326_7
2019/1/1 17:30,7.05932,836382826326_7
2019/1/1 17:34,7.92201,836382826326_7
2019/1/1 17:36,9.30669,836382826326_7
2019/1/1 17:41,10.32271,836382826326_7
2019/1/1 17:47,11.79302,836382826326_7
2019/1/1 17:48,12.20109,836382826326_7
2019/1/1 17:50,12.95712,836382826326_7
2019/1/1 17:57,13.65437,836382826326_7
2019/1/1 18:02,14.32924,836382826326_7
2019/1/1 18:06,15.07501,836382826326_7
2019/1/1 18:12,16.71311,836382826326_7
2019/1/1 18:19,18.3731,836382826326_7
2019/1/1 18:24,19.80024,836382826326_7
2019/1/1 18:28,21.12827,836382826326_7
2019/1/1 20:28,0,836382826326_9
2019/1/1 20:31,1.32358,836382826326_9
2019/1/1 20:32,2.23103,836382826326_9
2019/1/1 20:37,2.83657,836382826326_9
2019/1/1 20:38,3.50861,836382826326_9
2019/1/1 20:40,4.18638,836382826326_9
2019/1/1 20:41,4.91402,836382826326_9
2019/1/1 20:43,5.72472,836382826326_9
2019/1/1 20:45,6.64341,836382826326_9
2019/1/1 20:46,7.05932,836382826326_9
2019/1/1 20:50,7.92201,836382826326_9
2019/1/1 20:53,9.30669,836382826326_9
2019/1/1 20:56,10.32271,836382826326_9
2019/1/1 21:01,11.79302,836382826326_9
2019/1/1 21:03,12.20109,836382826326_9
2019/1/1 21:04,12.95712,836382826326_9
2019/1/1 21:06,13.65437,836382826326_9
2019/1/1 21:09,14.32924,836382826326_9
2019/1/1 21:11,15.07501,836382826326_9
2019/1/1 21:16,16.71311,836382826326_9
2019/1/1 21:21,18.3731,836382826326_9
2019/1/1 21:25,19.80024,836382826326_9
2019/1/1 21:29,21.12827,836382826326_9
